Index;City;2017;2018;2019;2020;2021
1;1 Aeugst am Albis;7;8;13;27;39
2;2 Affoltern am Albis;29;35;54;75;103
3;3 Bonstetten;18;21;29;37;70
4;4 Hausen am Albis;16;21;25;32;45
5;5 Hedingen;14;22;31;45;56
6;6 Kappel am Albis;2;3;5;5;9
7;7 Knonau;5;9;11;14;32
8;8 Maschwanden;0;1;4;5;9
9;9 Mettmenstetten;20;26;36;41;60
10;10 Obfelden;11;18;30;40;68
11;11 Ottenbach;4;7;12;24;41
12;12 Rifferswil;3;3;10;15;22
13;13 Stallikon;10;14;22;35;45
14;14 Wettswil am Albis;20;27;41;69;103
21;21 Adlikon;1;5;4;6;11
22;22 Benken (ZH);2;3;6;7;9
23;23 Berg am Irchel;1;1;1;3;5
24;24 Buch am Irchel;5;5;7;11;23
25;25 Dachsen;7;10;15;19;29
26;26 Dorf;0;1;3;5;7
27;27 Feuerthalen;10;15;16;22;32
28;28 Flaach;6;8;10;13;22
29;29 Flurlingen;6;4;9;10;14
30;30 Andelfingen;11;16;17;20;30
31;31 Henggart;7;13;18;22;37
32;32 Humlikon;1;2;1;1;3
33;33 Kleinandelfingen;0;4;8;10;17
34;34 Laufen-Uhwiesen;5;9;14;14;23
35;35 Marthalen;5;6;8;11;18
37;37 Ossingen;4;6;9;11;13
38;38 Rheinau;4;5;7;7;10
39;39 Thalheim an der Thur;3;7;9;8;10
40;40 Tr������l;2;5;5;7;9
41;41 Truttikon;1;1;3;5;13
43;43 Volken;1;1;2;2;4
51;51 Bachenb�����;8;11;21;35;72
52;52 Bassersdorf;31;40;51;75;107
53;53 B�����;32;49;74;92;151
54;54 Dietlikon;34;45;54;54;98
55;55 Eglisau;9;14;24;48;75
56;56 Embrach;20;26;39;54;89
57;57 Freienstein-Teufen;7;9;15;22;34
58;58 Glattfelden;11;13;19;33;57
59;59 Hochfelden;2;2;5;10;16
60;60 H���;8;9;8;12;13
61;61 H������ntw;3;4;7;9;11
62;62 Kloten;28;46;70;101;224
63;63 Lufingen;4;6;13;24;41
64;64 N������ren;22;28;34;44;67
65;65 Oberembrach;2;2;2;6;9
66;66 Opfikon;74;51;65;125;250
67;67 Rafz;10;11;19;39;62
68;68 Rorbas;7;10;14;23;28
69;69 Wallisellen;37;53;91;134;198
70;70 Wasterkingen;0;0;2;4;6
71;71 Wil (ZH);2;6;9;13;22
72;72 Winkel;21;24;37;63;81
81;81 Bachs;1;3;2;2;3
82;82 Boppelsen;2;8;9;13;20
83;83 Buchs (ZH);13;15;29;44;67
84;84 D������l;7;9;11;23;35
85;85 D������;4;5;11;12;23
86;86 Dielsdorf;375;738;297;240;208
87;87 H������t;2;2;4;6;13
88;88 Neerach;15;24;31;36;52
89;89 Niederglatt;11;16;22;28;39
90;90 Niederhasli;18;23;42;64;92
91;91 Niederweningen;9;15;15;21;33
92;92 Oberglatt;10;13;16;20;34
93;93 Oberweningen;6;9;12;14;20
94;94 Otelfingen;2;7;14;19;24
95;95 Regensberg;0;0;1;2;4
96;96 Regensdorf;37;44;62;85;118
97;97 R������;20;28;37;45;80
98;98 Schleinikon;1;1;2;7;14
99;99 Sch������ffli;2;5;10;14;20
100;100 Stadel;4;7;10;16;26
101;101 Steinmaur;6;9;12;18;31
102;102 Weiach;2;6;11;13;21
111;111 B������re;10;11;16;30;44
112;112 Bubikon;21;34;46;60;91
113;113 D������;21;34;55;71;98
114;114 Fischenthal;2;4;7;14;20
115;115 Gossau (ZH);18;29;43;67;94
116;116 Gr������n;32;35;44;56;65
117;117 Hinwil;38;50;61;79;125
118;118 R������ti;15;19;34;52;79
119;119 Seegr����;7;9;13;19;27
120;120 Wald (ZH);17;17;24;36;63
121;121 Wetzikon (ZH);50;62;88;137;201
131;131 Adliswil;29;32;61;88;145
135;135 Kilchberg (ZH);28;38;58;92;153
136;136 Langnau am Albis;26;32;43;66;86
137;137 Oberrieden;9;11;15;21;31
138;138 Richterswil;20;28;58;93;149
139;139 R������sch;21;24;38;64;93
141;141 Thalwil;41;55;82;124;202
151;151 Erlenbach (ZH);31;39;56;69;105
152;152 Herrliberg;23;28;48;71;96
153;153 Hombrechtikon;17;32;52;88;125
154;154 K������snacht;38;51;87;120;220
155;155 M������nn;24;30;47;91;139
156;156 Meilen;40;48;81;125;188
157;157 Oetwil am See;8;8;16;23;39
158;158 St���;36;41;77;117;179
159;159 Uetikon am See;13;17;32;51;83
160;160 Zumikon;21;23;40;62;94
161;161 Zollikon;41;54;75;113;169
172;172 Fehraltorf;16;23;27;34;62
173;173 Hittnau;11;14;22;34;42
176;176 Lindau;24;26;35;52;81
177;177 Pf������f;24;31;40;73;117
178;178 Russikon;13;15;21;30;47
180;180 Weisslingen;15;18;24;39;50
181;181 Wila;4;7;13;16;28
182;182 Wildberg;1;4;5;4;7
191;191 D������be;51;81;113;170;283
192;192 Egg;23;29;44;69;107
193;193 F������ll;22;28;34;64;100
194;194 Greifensee;7;10;19;26;36
195;195 Maur;43;52;82;121;184
196;196 M������ncha;8;14;25;35;45
197;197 Schwerzenbach;8;9;18;22;34
198;198 Uster;62;86;143;196;293
199;199 Volketswil;46;55;83;114;180
200;200 Wangen-Br������ttis;12;19;29;41;65
211;211 Altikon;0;1;4;5;8
213;213 Br�����;12;17;14;23;38
214;214 D������g;3;5;9;16;18
215;215 D������tt;1;3;5;8;14
216;216 Dinhard;2;5;5;12;23
218;218 Ellikon an der Thur;3;4;8;11;16
219;219 Elsau;8;9;16;16;27
220;220 Hagenbuch;8;6;7;9;11
221;221 Hettlingen;11;10;24;35;53
223;223 Neftenbach;16;19;27;38;64
224;224 Pfungen;10;12;15;23;30
225;225 Rickenbach (ZH);5;6;9;15;26
226;226 Schlatt (ZH);2;2;5;6;7
227;227 Seuzach;24;27;32;46;77
228;228 Turbenthal;9;8;14;19;32
230;230 Winterthur;173;232;389;586;830
231;231 Zell (ZH);10;10;18;28;37
241;241 Aesch (ZH);3;6;10;17;34
242;242 Birmensdorf (ZH);10;12;26;39;68
243;243 Dietikon;42;53;65;111;150
244;244 Geroldswil;12;16;28;36;53
245;245 Oberengstringen;8;9;16;21;34
246;246 Oetwil an der Limmat;7;10;14;22;30
247;247 Schlieren;37;49;68;124;232
248;248 Uitikon;12;20;32;45;82
249;249 Unterengstringen;12;16;23;29;44
250;250 Urdorf;53;44;65;105;124
251;251 Weiningen (ZH);10;18;31;42;62
261;261 Z�����;815;940;1392;2036;3017
292;292 Stammheim;13;17;20;22;30
293;293 W������de;44;56;91;143;243
294;294 Elgg;13;22;26;34;48
295;295 Horgen;42;53;99;166;271
296;296 Illnau-Effretikon;40;46;67;96;134
297;297 Bauma;9;15;21;24;36
298;298 Wiesendangen;17;21;39;60;90
301;301 Aarberg;14;19;22;31;50
302;302 Bargen (BE);1;1;1;1;4
303;303 Grossaffoltern;4;4;6;14;21
304;304 Kallnach;2;3;4;10;17
305;305 Kappelen;0;1;1;3;3
306;306 Lyss;18;23;34;58;100
307;307 Meikirch;6;9;13;20;22
309;309 Radelfingen;2;3;5;7;17
310;310 Rapperswil (BE);3;6;7;10;20
311;311 Sch�����;7;10;10;13;25
312;312 Seedorf (BE);9;13;18;22;30
321;321 Aarwangen;9;9;15;17;28
322;322 Auswil;0;0;0;0;1
323;323 Bannwil;0;1;5;25;139
324;324 Bleienbach;1;2;3;4;8
325;325 Busswil bei Melchnau;0;0;0;0;0
326;326 Gondiswil;0;0;1;3;4
329;329 Langenthal;31;35;68;89;246
331;331 Lotzwil;1;2;3;5;15
332;332 Madiswil;5;5;13;12;14
333;333 Melchnau;3;3;5;7;11
335;335 Oeschenbach;0;0;0;0;0
336;336 Reisiswil;0;0;0;0;0
337;337 Roggwil (BE);4;5;10;18;27
338;338 Rohrbach;2;3;5;4;9
339;339 Rohrbachgraben;0;1;1;2;2
340;340 R������tsc;0;0;0;2;4
341;341 Schwarzh������;1;1;0;0;0
342;342 Thunstetten;4;6;6;10;14
344;344 Ursenbach;1;2;4;4;5
345;345 Wynau;2;2;2;5;10
351;351 Bern;178;227;329;489;820
352;352 Bolligen;5;8;17;26;41
353;353 Bremgarten bei Bern;7;10;14;19;32
354;354 Kirchlindach;5;7;13;19;30
355;355 K����;30;43;74;117;205
356;356 Muri bei Bern;27;31;50;69;114
357;357 Oberbalm;0;0;2;2;5
358;358 Stettlen;4;4;4;7;17
359;359 Vechigen;5;6;14;20;45
360;360 Wohlen bei Bern;19;27;35;48;74
361;361 Zollikofen;16;21;27;41;64
362;362 Ittigen;22;20;30;29;57
363;363 Ostermundigen;7;10;20;38;56
371;371 Biel/Bienne;52;67;99;146;190
372;372 Evilard;5;10;12;22;31
381;381 Arch;1;2;2;5;9
382;382 B������e;1;1;2;6;13
383;383 B������ren an der;5;8;11;11;17
385;385 Diessbach bei B����;2;3;2;4;5
386;386 Dotzigen;2;3;4;6;11
387;387 Lengnau (BE);5;11;20;25;34
388;388 Leuzigen;0;0;1;3;6
389;389 Meienried;0;0;0;0;0
390;390 Meinisberg;0;0;1;2;3
391;391 Oberwil bei B����;0;0;0;1;2
392;392 Pieterlen;8;8;10;14;28
393;393 R������ti bei ;2;3;4;3;7
394;394 Wengi;3;5;6;8;10
401;401 Aefligen;1;1;2;3;4
402;402 Alchenstorf;0;1;2;3;3
403;403 B������r;3;3;4;6;7
404;404 Burgdorf;18;26;43;60;97
405;405 Ersigen;2;2;4;8;15
406;406 Hasle bei Burgdorf;3;4;4;7;11
407;407 Heimiswil;0;2;2;7;8
408;408 Hellsau;0;0;0;0;1
409;409 Hindelbank;2;2;6;7;16
410;410 H������chst;1;1;1;2;4
411;411 Kernenried;0;0;0;1;2
412;412 Kirchberg (BE);9;9;12;17;40
413;413 Koppigen;5;6;7;9;15
414;414 Krauchthal;0;0;2;7;14
415;415 Lyssach;0;4;6;12;21
418;418 Oberburg;2;3;5;9;15
420;420 R������dtligen-Alche;1;3;3;5;6
421;421 Rumendingen;0;0;0;0;0
422;422 R������ti bei Ly;0;0;0;0;0
423;423 Willadingen;0;0;0;1;2
424;424 Wynigen;1;2;2;7;11
431;431 Corg�����;2;2;4;9;13
432;432 Cormoret;0;0;0;1;2
433;433 Cort�����;1;1;2;2;1
434;434 Courtelary;2;2;4;5;10
435;435 La Ferri���;0;0;0;0;1
437;437 Mont-Tramelan;0;0;0;1;2
438;438 Orvin;1;1;1;3;6
441;441 Renan (BE);1;1;3;3;3
442;442 Romont (BE);1;0;0;0;0
443;443 Saint-Imier;5;4;5;11;21
444;444 Sonceboz-Sombeval;1;3;3;8;14
445;445 Sonvilier;0;0;1;4;9
446;446 Tramelan;2;5;9;10;27
448;448 Villeret;2;2;2;2;4
449;449 Sauge;5;5;4;7;9
450;450 P������ry-La H;0;0;0;2;5
491;491 Br������t;0;2;3;5;5
492;492 Erlach;1;1;4;9;12
493;493 Finsterhennen;1;2;4;8;8
494;494 Gals;1;1;2;3;4
495;495 Gampelen;2;1;2;6;8
496;496 Ins;9;10;13;20;32
497;497 L������s;1;2;3;5;9
498;498 M������ntsch;3;3;5;7;7
499;499 Siselen;3;4;5;5;9
500;500 Treiten;0;0;1;1;1
501;501 Tschugg;3;3;3;4;7
502;502 Vinelz;3;3;4;4;4
533;533 B������tterk;2;3;8;12;27
535;535 Deisswil bei M������nchenbu;0;0;0;0;1
536;536 Diemerswil;0;0;0;0;1
538;538 Fraubrunnen;8;11;19;30;48
540;540 Jegenstorf;11;17;25;34;48
541;541 Iffwil;0;1;2;4;6
543;543 Mattstetten;0;0;2;4;4
544;544 Moosseedorf;8;10;21;39;68
546;546 M������nchenbu;13;15;21;24;48
551;551 Urtenen-Sch������;11;12;18;25;38
552;552 Utzenstorf;6;10;10;16;28
553;553 Wiggiswil;3;2;2;2;2
554;554 Wiler bei Utzenstorf;0;0;2;5;10
556;556 Zielebach;0;0;0;1;2
557;557 Zuzwil (BE);2;5;5;6;7
561;561 Adelboden;2;2;3;4;8
562;562 Aeschi bei Spiez;4;5;6;7;12
563;563 Frutigen;14;17;28;38;55
564;564 Kandergrund;0;0;0;0;1
565;565 Kandersteg;3;3;3;5;9
566;566 Krattigen;0;2;4;8;8
567;567 Reichenbach im Kandertal;6;6;6;13;19
571;571 Beatenberg;1;2;3;3;7
572;572 B������;1;1;1;2;2
573;573 Brienz (BE);9;9;13;17;26
574;574 Brienzwiler;4;4;4;5;5
575;575 D������r;1;1;1;1;1
576;576 Grindelwald;3;1;5;9;17
577;577 Gsteigwiler;1;1;1;2;2
578;578 G������ndlisc;0;0;0;2;2
579;579 Habkern;1;1;0;0;0
580;580 Hofstetten bei Brienz;1;2;4;4;6
581;581 Interlaken;9;11;28;41;51
582;582 Iseltwald;2;4;4;5;8
584;584 Lauterbrunnen;1;3;5;7;7
585;585 Leissigen;2;4;4;6;8
586;586 L������tsch;0;0;0;0;0
587;587 Matten bei Interlaken;2;3;9;16;24
588;588 Niederried bei Interlaken;0;0;1;3;3
589;589 Oberried am Brienzersee;1;1;1;2;3
590;590 Ringgenberg (BE);6;7;10;11;15
591;591 Saxeten;0;0;0;0;0
592;592 Schwanden bei Brienz;3;3;4;4;6
593;593 Unterseen;13;14;17;17;28
594;594 Wilderswil;2;2;3;2;9
602;602 Arni (BE);0;0;0;1;3
603;603 Biglen;2;5;5;7;10
605;605 Bowil;1;1;2;3;5
606;606 Brenzikofen;0;0;1;4;5
607;607 Freimettigen;0;0;0;2;2
608;608 Grossh������chst;0;0;8;13;27
609;609 H������ut;1;1;1;2;2
610;610 Herbligen;2;3;3;3;5
611;611 Kiesen;0;0;2;3;6
612;612 Konolfingen;7;6;11;16;33
613;613 Landiswil;1;1;0;2;4
614;614 Linden;3;3;3;2;3
615;615 Mirchel;0;0;0;0;0
616;616 M������ns;32;38;56;77;116
617;617 Niederh������;0;2;1;1;1
619;619 Oberdiessbach;5;5;6;14;24
620;620 Oberthal;0;0;0;0;0
622;622 Oppligen;0;0;1;2;3
623;623 Rubigen;1;1;5;13;19
626;626 Walkringen;4;5;12;15;19
627;627 Worb;10;15;28;43;72
628;628 Z������;2;4;4;9;12
629;629 Oberh������;1;1;2;2;2
630;630 Allmendingen;1;1;3;3;5
632;632 Wichtrach;6;5;14;22;30
661;661 Clavaleyres;0;0;0;0;1
662;662 Ferenbalm;0;0;2;3;6
663;663 Frauenkappelen;0;0;3;6;13
665;665 Gurbr�;0;1;2;2;2
666;666 Kriechenwil;2;2;1;2;4
667;667 Laupen;3;4;10;12;18
668;668 M������hl;4;5;6;17;33
669;669 M������nchen;0;1;0;1;5
670;670 Neuenegg;9;14;23;26;38
671;671 Wileroltigen;0;0;0;0;3
681;681 Belprahon;0;1;1;0;1
683;683 Champoz;0;0;1;1;1
687;687 Corcelles (BE);0;1;1;2;3
690;690 Court;1;1;2;4;6
691;691 Cr������;1;1;1;1;0
692;692 Eschert;0;1;1;3;3
694;694 Grandval;0;1;2;3;3
696;696 Loveresse;0;0;0;1;4
700;700 Moutier;1;5;11;19;32
701;701 Perrefitte;1;2;2;2;5
703;703 Reconvilier;0;1;3;4;11
704;704 Roches (BE);0;0;0;0;0
706;706 Saicourt;0;0;0;1;2
707;707 Saules (BE);0;1;1;2;2
708;708 Schelten;0;0;0;0;0
709;709 Seehof;0;0;0;0;0
711;711 Sorvilier;0;0;1;1;2
713;713 Tavannes;4;4;3;8;16
715;715 Reb������v;1;1;1;1;0
716;716 Petit-Val;2;1;1;1;1
717;717 Valbirse;0;0;4;5;11
723;723 La Neuveville;1;4;8;24;32
724;724 Nods;2;3;3;2;3
726;726 Plateau de Diesse;1;2;4;6;14
731;731 Aegerten;2;4;8;11;16
732;732 Bellmund;4;4;5;8;11
733;733 Br���;7;8;13;18;29
734;734 B���;1;1;1;2;5
735;735 Epsach;0;0;0;0;1
736;736 Hagneck;1;2;1;2;4
737;737 Hermrigen;0;0;0;1;1
738;738 Jens;1;4;4;6;7
739;739 Ipsach;3;6;8;11;23
740;740 Ligerz;0;0;1;2;9
741;741 Merzligen;1;1;1;3;7
742;742 M������;3;3;4;8;13
743;743 Nidau;6;10;17;19;32
744;744 Orpund;2;2;2;4;13
745;745 Port;6;8;11;18;26
746;746 Safnern;4;6;7;12;14
747;747 Scheuren;1;2;4;5;8
748;748 Schwadernau;0;0;0;0;0
749;749 Studen (BE);5;6;9;15;21
750;750 Sutz-Lattrigen;2;3;8;11;15
751;751 T������uf;5;5;10;14;17
754;754 Walperswil;3;3;6;10;12
755;755 Worben;1;3;3;6;16
756;756 Twann-T������s;3;4;6;9;11
761;761 D������rst;1;1;1;2;2
762;762 Diemtigen;1;1;3;5;9
763;763 Erlenbach im Simmental;2;2;3;6;11
766;766 Oberwil im Simmental;1;0;0;0;1
767;767 Reutigen;1;2;2;4;8
768;768 Spiez;18;20;38;59;94
769;769 Wimmis;4;4;7;9;10
770;770 Stocken-H����;2;2;3;3;4
782;782 Guttannen;0;0;0;0;0
783;783 Hasliberg;4;3;4;4;8
784;784 Innertkirchen;11;9;10;10;10
785;785 Meiringen;10;13;16;23;35
786;786 Schattenhalb;0;0;0;1;1
791;791 Boltigen;0;0;0;1;2
792;792 Lenk;1;2;3;4;9
793;793 St.Stephan;0;0;0;1;1
794;794 Zweisimmen;3;5;7;11;15
841;841 Gsteig;2;4;5;6;7
842;842 Lauenen;1;1;1;2;2
843;843 Saanen;9;20;30;48;49
852;852 Guggisberg;1;1;1;2;4
853;853 R������s;3;2;4;6;6
855;855 Schwarzenburg;7;9;9;16;23
861;861 Belp;20;23;32;42;74
863;863 Burgistein;1;1;3;6;7
866;866 Gerzensee;5;6;7;8;14
867;867 Gurzelen;0;1;1;1;3
868;868 Jaberg;0;0;0;0;0
869;869 Kaufdorf;2;4;6;5;6
870;870 Kehrsatz;9;13;15;24;38
872;872 Kirchdorf (BE);8;8;10;14;23
877;877 Niedermuhlern;0;0;0;2;4
879;879 Riggisberg;3;3;13;17;15
880;880 R������eggi;1;1;6;9;11
883;883 Seftigen;3;5;9;12;15
884;884 Toffen;5;5;7;12;18
885;885 Uttigen;3;6;9;10;18
886;886 Wattenwil;3;5;5;10;12
888;888 Wald (BE);1;1;5;3;8
889;889 Thurnen;5;5;8;10;13
901;901 Eggiwil;0;0;0;1;2
902;902 Langnau im Emmental;16;17;24;34;56
903;903 Lauperswil;0;0;0;0;2
904;904 R������thenbach im Emm;0;1;1;2;2
905;905 R������de;3;5;5;6;14
906;906 Schangnau;0;0;0;0;1
907;907 Signau;1;1;2;4;8
908;908 Trub;1;1;1;1;2
909;909 Trubschachen;2;3;4;6;9
921;921 Amsoldingen;1;1;4;4;5
922;922 Blumenstein;0;2;4;5;6
923;923 Buchholterberg;2;2;2;2;2
924;924 Eriz;0;0;0;0;1
925;925 Fahrni;1;1;4;4;4
927;927 Heiligenschwendi;1;0;0;0;1
928;928 Heimberg;12;13;20;28;47
929;929 Hilterfingen;16;17;22;29;43
931;931 Homberg;0;0;0;0;0
932;932 Horrenbach-Buchen;1;1;1;2;3
934;934 Oberhofen am Thunersee;7;12;17;26;27
935;935 Oberlangenegg;1;1;3;5;8
936;936 Pohlern;0;1;1;1;1
938;938 Sigriswil;4;5;8;16;20
939;939 Steffisburg;14;20;30;46;76
940;940 Teuffenthal (BE);0;0;0;0;0
941;941 Thierachern;4;6;9;12;17
942;942 Thun;58;77;106;154;268
943;943 Uebeschi;0;1;2;4;8
944;944 Uetendorf;10;14;14;23;47
945;945 Unterlangenegg;0;0;0;0;3
946;946 Wachseldorn;0;0;0;0;0
947;947 Zwieselberg;0;0;0;2;2
948;948 Forst-L������nge;2;2;1;1;4
951;951 Affoltern im Emmental;3;3;3;3;4
952;952 D������rre;0;0;0;2;3
953;953 Eriswil;1;2;3;6;7
954;954 Huttwil;7;8;11;18;31
955;955 L������tze;3;5;8;13;22
956;956 R������;6;8;9;11;13
957;957 Sumiswald;1;4;7;12;28
958;958 Trachselwald;0;1;1;4;4
959;959 Walterswil (BE);0;0;1;1;2
960;960 Wyssachen;2;3;8;9;13
971;971 Attiswil;1;1;4;7;12
972;972 Berken;0;0;0;0;0
973;973 Bettenhausen;0;0;0;0;1
975;975 Farnern;0;0;0;0;2
976;976 Graben;3;3;3;4;8
977;977 Heimenhausen;1;3;4;8;13
979;979 Herzogenbuchsee;13;18;27;43;62
980;980 Inkwil;1;1;2;2;3
981;981 Niederbipp;8;11;15;20;33
982;982 Nieder���;4;5;5;9;13
983;983 Oberbipp;3;8;9;17;21
985;985 Ochlenberg;0;0;0;0;3
987;987 Rumisberg;0;0;0;1;3
988;988 Seeberg;1;2;3;7;13
989;989 Th������;1;3;5;10;15
990;990 Walliswil bei Niederbipp;0;0;0;1;5
991;991 Walliswil bei Wangen;2;1;1;2;4
992;992 Wangen an der Aare;3;3;4;4;13
993;993 Wangenried;1;1;0;0;2
995;995 Wiedlisbach;2;7;7;12;18
1001;1001 Doppleschwand;0;0;0;1;2
1002;1002 Entlebuch;5;6;7;7;12
1004;1004 Fl����;1;1;1;5;7
1005;1005 Hasle (LU);1;1;1;3;3
1007;1007 Romoos;0;0;0;0;0
1008;1008 Sch������p;3;3;5;10;17
1009;1009 Werthenstein;4;4;5;5;7
1010;1010 Escholzmatt-Marbach;3;3;5;8;13
1021;1021 Aesch (LU);4;4;9;11;17
1023;1023 Ballwil;3;8;15;24;28
1024;1024 Emmen;29;37;57;71;134
1025;1025 Ermensee;0;1;2;5;10
1026;1026 Eschenbach (LU);14;13;15;18;34
1030;1030 Hitzkirch;12;14;23;32;51
1031;1031 Hochdorf;12;12;22;37;65
1032;1032 Hohenrain;6;7;8;9;14
1033;1033 Inwil;1;1;3;6;17
1037;1037 Rain;5;8;11;19;30
1039;1039 R������me;0;1;3;3;8
1040;1040 Rothenburg;15;21;28;51;78
1041;1041 Schongau;2;2;6;14;22
1051;1051 Adligenswil;10;10;18;31;51
1052;1052 Buchrain;5;6;10;22;40
1053;1053 Dierikon;5;5;5;9;15
1054;1054 Ebikon;20;28;40;65;103
1055;1055 Gisikon;0;0;2;7;15
1056;1056 Greppen;0;0;3;6;9
1057;1057 Honau;3;3;4;4;5
1058;1058 Horw;33;40;48;70;114
1059;1059 Kriens;22;27;45;88;143
1061;1061 Luzern;187;183;247;381;528
1062;1062 Malters;9;15;19;24;44
1063;1063 Meggen;33;34;52;69;112
1064;1064 Meierskappel;1;1;3;7;19
1065;1065 Root;7;8;12;20;37
1066;1066 Schwarzenberg;8;11;12;11;13
1067;1067 Udligenswil;3;8;10;21;27
1068;1068 Vitznau;8;8;13;17;20
1069;1069 Weggis;10;14;20;32;45
1081;1081 Berom������;12;19;28;33;53
1082;1082 B����;1;3;6;7;16
1083;1083 Buttisholz;8;9;12;18;29
1084;1084 Eich;7;10;16;23;35
1085;1085 Geuensee;2;3;4;9;14
1086;1086 Grosswangen;8;10;15;16;25
1088;1088 Hildisrieden;5;7;14;20;30
1089;1089 Knutwil;6;8;10;15;26
1091;1091 Mauensee;0;1;1;5;11
1093;1093 Neuenkirch;18;16;26;37;60
1094;1094 Nottwil;4;7;13;21;33
1095;1095 Oberkirch;6;11;19;36;63
1097;1097 Rickenbach (LU);4;5;9;12;18
1098;1098 Ruswil;11;23;28;36;65
1099;1099 Schenkon;7;10;19;29;41
1100;1100 Schlierbach;6;8;9;11;15
1102;1102 Sempach;7;8;12;19;33
1103;1103 Sursee;22;38;64;93;153
1104;1104 Triengen;13;15;22;28;43
1107;1107 Wolhusen;2;5;14;18;27
1121;1121 Alberswil;0;0;1;2;3
1122;1122 Altb����;11;17;19;21;32
1123;1123 Altishofen;4;5;6;11;20
1125;1125 Dagmersellen;8;12;15;22;35
1127;1127 Egolzwil;5;6;8;12;18
1128;1128 Ettiswil;1;2;2;5;14
1129;1129 Fischbach;0;0;1;1;3
1131;1131 Grossdietwil;3;4;4;5;8
1132;1132 Hergiswil bei Willisau;0;1;2;3;10
1135;1135 Luthern;2;3;5;4;5
1136;1136 Menznau;3;6;7;19;23
1137;1137 Nebikon;1;3;6;9;12
1139;1139 Pfaffnau;1;1;4;11;21
1140;1140 Reiden;10;13;26;38;50
1142;1142 Roggliswil;1;1;1;2;5
1143;1143 Sch���;8;11;13;19;29
1145;1145 Ufhusen;2;3;3;6;11
1146;1146 Wauwil;6;8;8;17;25
1147;1147 Wikon;6;7;6;5;9
1150;1150 Zell (LU);6;7;10;15;19
1151;1151 Willisau;8;10;17;22;44
1201;1201 Altdorf (UR);7;13;21;31;60
1202;1202 Andermatt;2;3;2;2;8
1203;1203 Attinghausen;0;1;3;3;5
1205;1205 B������rglen;1;2;3;8;17
1206;1206 Erstfeld;6;6;8;8;14
1207;1207 Fl�����;1;2;4;8;13
1208;1208 G������sc;0;0;0;0;0
1209;1209 Gurtnellen;0;0;0;0;0
1210;1210 Hospental;0;0;0;0;0
1211;1211 Isenthal;0;0;0;0;0
1212;1212 Realp;0;0;0;0;0
1213;1213 Schattdorf;3;3;5;11;30
1214;1214 Seedorf (UR);1;1;4;12;18
1215;1215 Seelisberg;6;6;6;7;8
1216;1216 Silenen;1;3;3;7;10
1217;1217 Sisikon;0;1;1;1;4
1218;1218 Spiringen;1;0;0;0;0
1219;1219 Untersch�����;0;0;0;0;0
1220;1220 Wassen;0;0;0;0;2
1301;1301 Einsiedeln;37;50;67;100;138
1311;1311 Gersau;1;3;5;12;21
1321;1321 Feusisberg;35;32;50;77;117
1322;1322 Freienbach;71;99;144;228;301
1323;1323 Wollerau;32;51;76;106;169
1331;1331 K������ssnacht;27;34;55;86;130
1341;1341 Altendorf;24;32;53;80;112
1342;1342 Galgenen;5;5;14;25;38
1343;1343 Innerthal;0;1;1;1;2
1344;1344 Lachen;22;26;40;62;109
1345;1345 Reichenburg;4;6;12;19;26
1346;1346 Sch������be;8;19;32;47;74
1347;1347 Tuggen;8;10;12;16;22
1348;1348 Vorderthal;1;2;0;0;0
1349;1349 Wangen (SZ);8;8;14;22;30
1361;1361 Alpthal;0;0;0;0;2
1362;1362 Arth;18;20;39;50;97
1363;1363 Illgau;1;1;0;0;0
1364;1364 Ingenbohl;13;24;28;52;85
1365;1365 Lauerz;4;4;5;6;8
1366;1366 Morschach;1;4;6;8;10
1367;1367 Muotathal;2;4;6;12;19
1368;1368 Oberiberg;5;5;9;9;9
1369;1369 Riemenstalden;0;0;0;0;0
1370;1370 Rothenthurm;0;0;0;2;5
1371;1371 Sattel;1;4;7;9;11
1372;1372 Schwyz;44;58;78;104;140
1373;1373 Steinen;11;10;15;17;27
1374;1374 Steinerberg;3;7;10;12;15
1375;1375 Unteriberg;1;1;3;4;13
1401;1401 Alpnach;5;9;18;21;31
1402;1402 Engelberg;8;13;13;16;26
1403;1403 Giswil;2;4;9;14;22
1404;1404 Kerns;21;24;32;42;67
1405;1405 Lungern;1;2;3;4;9
1406;1406 Sachseln;12;17;28;39;47
1407;1407 Sarnen;24;37;47;79;107
1501;1501 Beckenried;9;11;20;25;37
1502;1502 Buochs;10;14;15;22;34
1503;1503 Dallenwil;2;4;2;7;15
1504;1504 Emmetten;3;3;4;10;11
1505;1505 Ennetb�����;5;7;18;29;57
1506;1506 Ennetmoos;7;8;12;15;16
1507;1507 Hergiswil (NW);19;22;32;53;100
1508;1508 Oberdorf (NW);4;6;9;13;16
1509;1509 Stans;11;15;22;45;81
1510;1510 Stansstad;13;17;26;39;53
1511;1511 Wolfenschiessen;4;4;6;9;11
1630;1630 Glarus Nord;20;37;50;76;131
1631;1631 Glarus S��;16;19;28;39;75
1632;1632 Glarus;16;23;29;46;76
1701;1701 Baar;71;85;141;187;290
1702;1702 Cham;68;175;100;241;577
1703;1703 H������ne;25;30;51;76;125
1704;1704 Menzingen;14;17;23;34;50
1705;1705 Neuheim;4;7;11;17;27
1706;1706 Ober�����;22;26;41;59;105
1707;1707 Risch;39;105;473;645;922
1708;1708 Steinhausen;14;17;33;56;107
1709;1709 Unter�����;15;27;34;57;80
1710;1710 Walchwil;14;18;28;38;52
1711;1711 Zug;125;172;232;333;471
2008;2008 Ch������tillon;2;2;3;6;9
2011;2011 Cugy (FR);2;4;7;10;11
2016;2016 F������;0;0;0;1;7
2022;2022 Gletterens;3;3;4;3;19
2025;2025 Lully (FR);3;3;6;6;12
2027;2027 M������n;0;1;1;2;2
2029;2029 Montagny (FR);1;2;3;7;18
2035;2035 Nuvilly;2;1;1;1;4
2038;2038 Pr������vond;0;0;0;0;0
2041;2041 Saint-Aubin (FR);3;5;6;9;17
2043;2043 S����;0;1;0;2;3
2044;2044 Surpierre;2;2;4;6;10
2045;2045 Vallon;1;1;1;2;4
2050;2050 Les Montets;0;1;3;7;11
2051;2051 Delley-Portalban;2;3;4;8;14
2053;2053 Belmont-Broye;14;18;25;28;51
2054;2054 Vernay;9;9;31;57;85
2055;2055 Cheyres-Ch�����;4;5;6;12;18
2061;2061 Auboranges;2;2;3;4;5
2063;2063 Billens-Hennens;0;0;1;3;8
2066;2066 Chapelle (Gl����;0;0;1;1;1
2067;2067 Le Ch������t;0;0;0;1;4
2068;2068 Ch������to;2;2;2;6;8
2072;2072 Ecublens (FR);1;1;2;2;2
2079;2079 Grangettes;1;1;2;2;1
2086;2086 Massonnens;2;1;2;5;8
2087;2087 M������zi����;0;0;1;1;4
2089;2089 Montet (Gl����;2;2;3;5;10
2096;2096 Romont (FR);2;6;8;11;28
2097;2097 Rue;0;0;0;1;6
2099;2099 Siviriez;4;6;5;9;13
2102;2102 Ursy;1;4;5;11;30
2113;2113 Vuisternens-devant-Romont;1;0;2;7;16
2114;2114 Villorsonnens;0;2;4;6;15
2115;2115 Torny;1;2;3;7;14
2117;2117 Villaz;1;2;2;5;10
2121;2121 Haut-Intyamon;0;0;2;3;7
2122;2122 Pont-en-Ogoz;4;6;10;13;20
2123;2123 Botterens;1;1;1;1;7
2124;2124 Broc;1;0;1;2;9
2125;2125 Bulle;18;19;39;75;158
2128;2128 Ch������tel-sur-Montsa;0;1;1;2;3
2129;2129 Corbi����;3;4;5;11;17
2130;2130 Cr����;2;1;4;7;7
2131;2131 Echarlens;1;1;4;5;8
2134;2134 Grandvillard;1;2;2;2;4
2135;2135 Gruy����;1;1;4;6;9
2137;2137 Hauteville;0;0;2;3;5
2138;2138 Jaun;1;1;1;1;3
2140;2140 Marsens;2;2;3;7;12
2143;2143 Morlon;0;1;2;5;7
2145;2145 Le P������quier;0;1;2;2;11
2147;2147 Pont-la-Ville;0;1;1;1;3
2148;2148 Riaz;5;5;7;10;19
2149;2149 La Roche;4;4;6;9;13
2152;2152 S������les (Gru;1;1;4;6;11
2153;2153 Sorens;1;2;3;3;7
2155;2155 Vaulruz;0;1;0;0;1
2160;2160 Vuadens;5;5;6;13;21
2162;2162 Bas-Intyamon;0;0;2;3;10
2163;2163 Val-de-Charmey;3;3;4;11;24
2173;2173 Autigny;2;4;5;7;8
2174;2174 Avry;3;4;9;16;28
2175;2175 Belfaux;2;2;5;10;12
2177;2177 Ch�����;0;2;1;3;7
2183;2183 Corminboeuf;1;2;7;14;32
2186;2186 Cottens (FR);3;3;3;3;7
2194;2194 Ferpicloz;0;0;0;0;6
2196;2196 Fribourg;26;35;57;88;135
2197;2197 Givisiez;7;5;6;13;23
2198;2198 Granges-Paccot;11;11;15;24;41
2200;2200 Grolley;1;2;1;4;9
2206;2206 Marly;11;12;20;35;66
2208;2208 Matran;7;6;8;14;24
2211;2211 Neyruz (FR);5;4;9;21;34
2216;2216 Pierrafortscha;0;1;1;1;2
2217;2217 Ponthaux;0;0;0;1;6
2220;2220 Le Mouret;3;3;9;17;32
2226;2226 Treyvaux;0;1;6;6;12
2228;2228 Villars-sur-Gl���;19;24;33;54;84
2230;2230 Villarsel-sur-Marly;0;0;0;0;0
2233;2233 Hauterive (FR);1;1;4;13;22
2234;2234 La Brillaz;2;3;6;9;24
2235;2235 La Sonnaz;2;3;4;4;11
2236;2236 Gibloux;9;14;24;46;84
2237;2237 Prez;3;6;8;15;21
2238;2238 Bois-d'Amont;1;2;6;12;24
2250;2250 Courgevaux;3;3;4;7;15
2254;2254 Courtepin;5;7;13;17;31
2257;2257 Cressier (FR);1;3;4;9;12
2258;2258 Fr������s;0;0;1;2;3
2259;2259 Galmiz;3;3;2;3;4
2260;2260 Gempenach;0;0;1;2;3
2261;2261 Greng;0;0;0;2;3
2262;2262 Gurmels;8;10;12;26;34
2265;2265 Kerzers;11;13;21;29;41
2266;2266 Kleinb������s;1;3;4;4;6
2271;2271 Meyriez;5;5;8;9;14
2272;2272 Misery-Courtion;4;4;4;14;22
2274;2274 Muntelier;4;4;7;11;12
2275;2275 Murten;21;25;31;55;112
2276;2276 Ried bei Kerzers;6;6;10;12;13
2278;2278 Ulmiz;1;3;4;3;5
2284;2284 Mont-Vully;6;12;24;43;65
2292;2292 Br������ni;1;1;1;2;3
2293;2293 D������d;17;21;32;42;68
2294;2294 Giffers;6;6;6;7;10
2295;2295 B������s;2;3;8;15;24
2296;2296 Heitenried;2;3;8;11;11
2299;2299 Plaffeien;3;4;6;8;15
2300;2300 Plasselb;0;0;1;2;5
2301;2301 Rechthalten;0;0;3;5;13
2303;2303 St. Silvester;0;0;1;1;4
2304;2304 St. Ursen;1;1;2;2;6
2305;2305 Schmitten (FR);6;4;14;22;40
2306;2306 Tafers;7;14;24;33;49
2307;2307 Tentlingen;2;5;7;8;11
2308;2308 Ueberstorf;5;5;9;13;20
2309;2309 W������nnewil-Fl;5;11;13;15;27
2321;2321 Attalens;4;6;13;26;37
2323;2323 Bossonnens;3;8;12;17;23
2325;2325 Ch������tel-Saint-;7;9;15;25;54
2328;2328 Granges (Veveyse);2;2;2;3;5
2333;2333 Remaufens;2;2;2;3;10
2335;2335 Saint-Martin (FR);3;3;3;4;12
2336;2336 Semsales;0;0;0;4;14
2337;2337 Le Flon;0;0;1;2;7
2338;2338 La Verrerie;1;1;3;6;10
2401;2401 Egerkingen;4;4;7;11;27
2402;2402 H������rk;6;5;5;9;13
2403;2403 Kestenholz;2;3;3;6;14
2404;2404 Neuendorf;2;4;5;6;12
2405;2405 Niederbuchsiten;3;2;4;4;5
2406;2406 Oberbuchsiten;8;8;12;14;17
2407;2407 Oensingen;8;7;26;41;51
2408;2408 Wolfwil;5;7;10;14;25
2421;2421 Aedermannsdorf;1;2;2;3;4
2422;2422 Balsthal;3;5;9;21;41
2424;2424 Herbetswil;0;0;0;0;0
2425;2425 Holderbank (SO);0;0;0;0;3
2426;2426 Laupersdorf;1;2;3;8;14
2427;2427 Matzendorf;2;5;4;6;10
2428;2428 M������mliswil-Ram;0;0;3;5;9
2430;2430 Welschenrohr-G������nsbr;0;2;4;3;5
2445;2445 Biezwil;1;1;4;5;4
2455;2455 L������terkofen-Icher;1;2;3;6;11
2456;2456 L������terswil-G������chliwi;2;2;3;2;2
2457;2457 Messen;4;3;4;7;14
2461;2461 Schnottwil;3;5;8;12;14
2463;2463 Unterramsern;2;4;5;6;6
2464;2464 L������sslingen-Nennig;0;0;1;4;6
2465;2465 Buchegg;6;8;11;15;26
2471;2471 B������;0;0;2;3;5
2472;2472 B������ren;2;3;6;6;12
2473;2473 Dornach;13;19;31;46;79
2474;2474 Gempen;0;0;0;7;14
2475;2475 Hochwald;5;5;8;13;23
2476;2476 Hofstetten-Fl��;6;8;10;23;41
2477;2477 Metzerlen-Mariastein;0;1;6;7;8
2478;2478 Nuglar-St.Pantaleon;3;3;7;8;13
2479;2479 Rodersdorf;4;6;5;8;15
2480;2480 Seewen;0;0;0;2;6
2481;2481 Witterswil;1;1;5;7;11
2491;2491 Hauenstein-Ifenthal;1;1;1;2;2
2492;2492 Kienberg;2;2;1;3;8
2493;2493 Lostorf;11;16;23;33;56
2495;2495 Niederg�����;5;10;13;19;28
2497;2497 Oberg�����;0;1;1;4;12
2499;2499 St������ssl;2;3;4;8;11
2500;2500 Trimbach;3;4;6;8;23
2501;2501 Winznau;1;1;2;5;8
2502;2502 Wisen (SO);2;3;4;4;8
2503;2503 Erlinsbach (SO);5;5;9;14;24
2511;2511 Aeschi (SO);4;4;6;12;21
2513;2513 Biberist;5;8;18;34;45
2514;2514 Bolken;0;0;3;2;5
2516;2516 Deitingen;5;6;14;18;27
2517;2517 Derendingen;9;12;17;16;24
2518;2518 Etziken;1;0;2;2;7
2519;2519 Gerlafingen;6;10;15;16;32
2520;2520 Halten;3;4;7;11;16
2523;2523 Horriwil;1;1;3;3;5
2524;2524 H������;0;1;2;2;3
2525;2525 Kriegstetten;3;3;4;8;11
2526;2526 Lohn (SO);6;7;13;23;39
2527;2527 Luterbach;5;4;6;8;18
2528;2528 Obergerlafingen;2;3;6;10;11
2529;2529 Oekingen;2;2;3;3;4
2530;2530 Recherswil;1;1;4;11;20
2532;2532 Subingen;5;4;8;12;19
2534;2534 Zuchwil;7;7;16;19;53
2535;2535 Drei H���;4;5;5;6;13
2541;2541 Balm bei G������n;1;1;1;1;2
2542;2542 Bellach;23;23;31;44;58
2543;2543 Bettlach;7;11;23;30;46
2544;2544 Feldbrunnen-St.Niklaus;7;8;13;16;21
2545;2545 Flumenthal;2;2;2;2;3
2546;2546 Grenchen;18;24;43;49;77
2547;2547 G������n;3;3;3;9;16
2548;2548 Hubersdorf;2;2;5;5;7
2549;2549 Kammersrohr;0;0;0;0;0
2550;2550 Langendorf;2;2;1;6;17
2551;2551 Lommiswil;4;5;4;5;8
2553;2553 Oberdorf (SO);4;5;7;12;20
2554;2554 Riedholz;6;8;11;15;21
2555;2555 R������t;4;3;8;8;12
2556;2556 Selzach;4;5;8;13;18
2571;2571 Boningen;1;1;1;3;3
2572;2572 D������;2;3;8;13;24
2573;2573 Dulliken;1;1;3;7;10
2574;2574 Eppenberg-W������s;0;0;1;1;1
2575;2575 Fulenbach;2;2;6;10;16
2576;2576 Gretzenbach;2;3;4;15;25
2578;2578 Gunzgen;3;3;4;5;13
2579;2579 H������ge;11;12;21;37;52
2580;2580 Kappel (SO);1;1;6;10;18
2581;2581 Olten;18;30;42;60;105
2582;2582 Rickenbach (SO);4;5;4;6;6
2583;2583 Sch������ne;3;6;10;14;22
2584;2584 Starrkirch-Wil;4;4;5;12;21
2585;2585 Walterswil (SO);1;1;2;2;4
2586;2586 Wangen bei Olten;4;3;7;14;34
2601;2601 Solothurn;36;42;63;92;154
2611;2611 B������rs;0;0;0;3;6
2612;2612 Beinwil (SO);1;2;1;1;1
2613;2613 Breitenbach;6;10;13;15;25
2614;2614 B������ss;5;7;12;14;19
2615;2615 Erschwil;4;4;4;6;6
2616;2616 Fehren;2;1;4;5;8
2617;2617 Grindel;0;0;0;2;7
2618;2618 Himmelried;2;2;6;10;17
2619;2619 Kleinl�����;2;1;4;6;8
2620;2620 Meltingen;1;0;0;0;2
2621;2621 Nunningen;1;1;6;11;15
2622;2622 Zullwil;1;1;3;3;5
2701;2701 Basel;157;207;332;511;785
2702;2702 Bettingen;3;5;5;8;12
2703;2703 Riehen;17;25;39;68;105
2761;2761 Aesch (BL);7;10;22;35;49
2762;2762 Allschwil;18;28;36;57;102
2763;2763 Arlesheim;18;20;38;55;97
2764;2764 Biel-Benken;5;8;11;16;36
2765;2765 Binningen;25;36;49;72;128
2766;2766 Birsfelden;9;13;14;18;24
2767;2767 Bottmingen;12;16;28;42;67
2768;2768 Ettingen;7;8;13;17;29
2769;2769 M������nchen;23;36;58;84;117
2770;2770 Muttenz;23;28;42;60;103
2771;2771 Oberwil (BL);15;22;38;55;82
2772;2772 Pfeffingen;11;12;18;21;37
2773;2773 Reinach (BL);22;28;52;85;132
2774;2774 Sch������ne;4;5;5;6;8
2775;2775 Therwil;21;23;29;38;70
2781;2781 Blauen;0;0;1;3;6
2782;2782 Brislach;3;4;5;7;10
2783;2783 Burg im Leimental;2;2;2;2;1
2784;2784 Dittingen;0;0;1;3;5
2785;2785 Duggingen;2;2;7;10;15
2786;2786 Grellingen;2;7;9;11;16
2787;2787 Laufen;12;17;26;32;40
2788;2788 Liesberg;0;0;2;2;5
2789;2789 Nenzlingen;0;0;2;3;4
2790;2790 Roggenburg;0;1;1;0;2
2791;2791 R������s;2;3;3;6;12
2792;2792 Wahlen;0;0;1;1;2
2793;2793 Zwingen;4;9;8;10;15
2821;2821 Arisdorf;2;4;8;7;21
2822;2822 Augst;2;5;5;5;7
2823;2823 Bubendorf;5;6;13;24;37
2824;2824 Frenkendorf;8;11;18;39;62
2825;2825 F������llin;10;12;18;36;56
2826;2826 Giebenach;1;1;5;9;19
2827;2827 Hersberg;4;7;6;8;11
2828;2828 Lausen;4;6;10;19;38
2829;2829 Liestal;37;64;85;115;170
2830;2830 Lupsingen;3;3;7;15;27
2831;2831 Pratteln;16;24;33;73;98
2832;2832 Ramlinsburg;3;4;6;9;11
2833;2833 Seltisberg;3;4;7;13;16
2834;2834 Ziefen;4;3;4;5;10
2841;2841 Anwil;2;5;6;8;14
2842;2842 B������;4;8;10;12;15
2843;2843 Buckten;6;6;6;8;16
2844;2844 Buus;4;6;6;8;14
2845;2845 Diepflingen;1;1;3;4;11
2846;2846 Gelterkinden;11;11;21;31;49
2847;2847 H������felf;0;0;1;1;3
2848;2848 Hemmiken;0;1;1;1;2
2849;2849 Itingen;2;6;9;15;23
2850;2850 K������nerk;0;1;3;4;5
2851;2851 Kilchberg (BL);0;0;1;1;1
2852;2852 L������ufelf;1;2;3;6;12
2853;2853 Maisprach;1;2;5;7;11
2854;2854 Nusshof;3;5;6;6;8
2855;2855 Oltingen;2;2;4;5;7
2856;2856 Ormalingen;4;4;9;18;32
2857;2857 Rickenbach (BL);6;7;7;10;10
2858;2858 Rothenfluh;5;4;7;8;10
2859;2859 R������ml;1;1;1;4;7
2860;2860 R������ne;1;2;2;5;9
2861;2861 Sissach;23;30;36;45;71
2862;2862 Tecknau;3;5;6;9;15
2863;2863 Tenniken;2;4;3;4;6
2864;2864 Th�����;2;2;2;5;7
2865;2865 Wenslingen;2;2;4;5;5
2866;2866 Wintersingen;1;2;4;3;5
2867;2867 Wittinsburg;1;1;3;4;5
2868;2868 Zeglingen;0;1;1;2;4
2869;2869 Zunzgen;4;7;14;20;31
2881;2881 Arboldswil;1;3;3;2;5
2882;2882 Bennwil;6;10;10;11;12
2883;2883 Bretzwil;0;1;3;2;4
2884;2884 Diegten;6;8;8;17;25
2885;2885 Eptingen;2;2;1;1;3
2886;2886 H������l;4;8;11;13;17
2887;2887 Lampenberg;0;1;2;2;4
2888;2888 Langenbruck;6;8;10;10;12
2889;2889 Lauwil;0;0;0;1;2
2890;2890 Liedertswil;1;1;2;2;2
2891;2891 Niederdorf;3;3;4;11;14
2892;2892 Oberdorf (BL);9;10;10;16;17
2893;2893 Reigoldswil;4;4;4;4;11
2894;2894 Titterten;2;2;5;8;11
2895;2895 Waldenburg;1;2;2;3;5
2901;2901 G������chl;2;1;4;8;9
2903;2903 L������hn;3;3;3;6;11
2904;2904 Neunkirch;1;4;6;11;19
2914;2914 B������tten;1;1;1;1;1
2915;2915 D������rfl;3;6;6;6;9
2917;2917 Lohn (SH);1;0;0;3;5
2919;2919 Stetten (SH);3;3;5;9;17
2920;2920 Thayngen;9;12;17;25;42
2931;2931 Bargen (SH);0;1;2;0;1
2932;2932 Beringen;9;16;23;30;45
2933;2933 Buchberg;4;4;5;6;11
2936;2936 Merishausen;0;1;3;5;6
2937;2937 Neuhausen am Rheinfall;12;19;26;34;50
2938;2938 R������dl;1;2;5;11;14
2939;2939 Schaffhausen;47;73;110;160;266
2951;2951 Beggingen;0;0;1;2;5
2952;2952 Schleitheim;4;5;8;9;13
2953;2953 Siblingen;3;4;6;10;15
2961;2961 Buch (SH);0;1;1;1;2
2962;2962 Hemishofen;3;3;3;4;5
2963;2963 Ramsen;3;4;6;8;15
2964;2964 Stein am Rhein;9;11;14;26;41
2971;2971 Hallau;6;7;8;12;18
2972;2972 Oberhallau;0;1;1;1;1
2973;2973 Trasadingen;4;4;9;11;15
2974;2974 Wilchingen;2;4;6;14;28
3001;3001 Herisau;38;43;62;78;111
3002;3002 Hundwil;1;1;1;1;1
3003;3003 Sch������nen;1;1;1;2;3
3004;3004 Schwellbrunn;0;0;1;4;6
3005;3005 Stein (AR);1;2;3;6;13
3006;3006 Urn����;1;1;1;2;4
3007;3007 Waldstatt;5;6;7;8;13
3021;3021 B�����;3;5;3;6;11
3022;3022 Gais;5;5;13;17;24
3023;3023 Speicher;9;16;23;23;41
3024;3024 Teufen (AR);17;26;37;52;81
3025;3025 Trogen;4;3;4;7;15
3031;3031 Grub (AR);2;3;4;5;7
3032;3032 Heiden;9;9;11;17;30
3033;3033 Lutzenberg;2;2;5;6;13
3034;3034 Rehetobel;9;8;10;15;21
3035;3035 Reute (AR);0;1;3;4;5
3036;3036 Wald (AR);0;1;1;0;1
3037;3037 Walzenhausen;4;7;9;15;20
3038;3038 Wolfhalden;3;5;7;7;16
3101;3101 Appenzell;36;37;49;67;96
3102;3102 Gonten;1;2;3;6;11
3103;3103 R���;1;4;6;8;10
3104;3104 Schlatt-Haslen;1;1;3;4;5
3105;3105 Schwende;4;4;4;5;9
3111;3111 Oberegg;5;7;8;9;15
3201;3201 H������ggens;3;3;5;6;13
3202;3202 Muolen;2;3;5;6;10
3203;3203 St. Gallen;135;178;265;414;664
3204;3204 Wittenbach;8;12;18;35;75
3211;3211 Berg (SG);3;3;4;5;12
3212;3212 Eggersriet;2;1;4;7;10
3213;3213 Goldach;17;19;25;43;66
3214;3214 M������rs;9;10;17;25;51
3215;3215 Rorschach;11;13;19;33;44
3216;3216 Rorschacherberg;2;4;9;19;37
3217;3217 Steinach;3;4;9;17;29
3218;3218 T�����;9;10;18;24;30
3219;3219 Untereggen;0;1;2;7;11
3231;3231 Au (SG);17;21;28;44;73
3232;3232 Balgach;7;11;20;35;43
3233;3233 Berneck;11;14;20;26;43
3234;3234 Diepoldsau;6;10;21;31;55
3235;3235 Rheineck;1;3;5;6;11
3236;3236 St. Margrethen;10;9;11;15;25
3237;3237 Thal;8;14;23;33;64
3238;3238 Widnau;13;20;41;63;98
3251;3251 Altst�����;15;23;33;59;97
3252;3252 Eichberg;1;1;2;7;11
3253;3253 Marbach (SG);5;9;13;14;21
3254;3254 Oberriet (SG);13;18;30;45;70
3255;3255 Rebstein;2;5;12;20;30
3256;3256 R������thi (Rhei;3;4;6;13;18
3271;3271 Buchs (SG);27;32;37;61;103
3272;3272 Gams;8;14;20;26;41
3273;3273 Grabs;11;18;26;42;54
3274;3274 Sennwald;18;22;30;45;64
3275;3275 Sevelen;5;10;19;33;46
3276;3276 Wartau;6;4;11;20;27
3291;3291 Bad Ragaz;3;4;10;21;45
3292;3292 Flums;6;8;11;19;29
3293;3293 Mels;7;12;15;27;47
3294;3294 Pf�����;3;4;6;9;9
3295;3295 Quarten;3;5;14;16;25
3296;3296 Sargans;8;11;10;20;44
3297;3297 Vilters-Wangs;14;21;29;30;43
3298;3298 Walenstadt;4;6;11;14;33
3311;3311 Amden;4;3;4;5;6
3312;3312 Benken (SG);9;11;12;14;27
3313;3313 Kaltbrunn;9;12;16;28;42
3315;3315 Sch����;11;10;13;19;34
3316;3316 Weesen;5;5;8;13;23
3338;3338 Schmerikon;13;12;19;30;39
3339;3339 Uznach;4;6;10;19;43
3340;3340 Rapperswil-Jona;54;76;110;155;261
3341;3341 Gommiswald;11;12;17;34;59
3342;3342 Eschenbach (SG);19;19;32;40;82
3352;3352 Ebnat-Kappel;6;7;13;20;43
3359;3359 Wildhaus-Alt St. Johann;0;1;1;4;7
3360;3360 Nesslau;4;3;7;9;12
3372;3372 Hemberg;2;2;5;7;7
3374;3374 Lichtensteig;1;3;5;10;17
3375;3375 Oberhelfenschwil;3;4;5;7;11
3378;3378 Neckertal;2;3;5;9;15
3379;3379 Wattwil;10;14;24;30;54
3392;3392 Kirchberg (SG);4;9;17;32;60
3393;3393 L������ti;5;7;7;8;13
3394;3394 Mosnang;2;5;8;11;22
3395;3395 B������tschwil-Ganters;3;6;8;14;29
3401;3401 Degersheim;5;9;14;14;21
3402;3402 Flawil;17;20;30;37;64
3405;3405 Jonschwil;3;6;9;17;29
3407;3407 Oberuzwil;5;8;16;28;57
3408;3408 Uzwil;25;28;37;52;77
3422;3422 Niederb����;4;4;6;8;12
3423;3423 Niederhelfenschwil;7;9;14;24;37
3424;3424 Oberb����;6;14;18;35;54
3426;3426 Zuzwil (SG);4;7;15;24;43
3427;3427 Wil (SG);44;61;95;156;242
3441;3441 Andwil (SG);2;5;8;11;21
3442;3442 Gaiserwald;12;17;32;50;87
3443;3443 Gossau (SG);22;30;48;81;142
3444;3444 Waldkirch;8;12;16;19;29
3506;3506 Vaz/Obervaz;6;8;14;14;19
3513;3513 Lantsch/Lenz;1;1;1;0;2
3514;3514 Schmitten (GR);0;0;0;0;0
3542;3542 Albula/Alvra;0;3;4;5;7
3543;3543 Surses;1;1;4;8;14
3544;3544 Berg������n Fi;0;0;2;3;3
3551;3551 Brusio;1;1;1;3;4
3561;3561 Poschiavo;13;18;19;23;34
3572;3572 Falera;1;0;2;3;4
3575;3575 Laax;2;2;7;13;22
3581;3581 Sagogn;2;2;3;4;4
3582;3582 Schluein;1;1;4;7;12
3603;3603 Vals;3;3;3;5;5
3618;3618 Lumnezia;6;8;12;12;13
3619;3619 Ilanz/Glion;7;8;13;17;24
3633;3633 F������rs;0;1;2;2;3
3637;3637 Rothenbrunnen;0;0;0;1;0
3638;3638 Scharans;0;0;1;2;7
3640;3640 Sils im Domleschg;0;0;1;0;2
3661;3661 Cazis;5;6;9;11;14
3662;3662 Flerden;0;0;0;0;0
3663;3663 Masein;1;1;1;2;3
3668;3668 Thusis;4;7;8;14;19
3669;3669 Tschappina;0;0;1;2;2
3670;3670 Urmein;0;0;0;0;0
3672;3672 Safiental;1;1;1;0;1
3673;3673 Domleschg;6;9;9;15;28
3681;3681 Avers;2;2;3;3;4
3695;3695 Sufers;0;0;0;0;1
3701;3701 Andeer;2;3;6;6;6
3711;3711 Rongellen;0;0;0;0;1
3712;3712 Zillis-Reischen;1;1;1;4;5
3713;3713 Ferrera;0;0;0;0;0
3714;3714 Rheinwald;0;1;1;1;2
3715;3715 Muntogna da Schons;1;2;3;5;7
3721;3721 Bonaduz;6;7;15;20;29
3722;3722 Domat/Ems;6;11;17;28;46
3723;3723 Rh�����;1;2;3;7;11
3731;3731 Felsberg;2;2;3;9;16
3732;3732 Flims;8;9;13;21;29
3733;3733 Tamins;6;7;9;7;12
3734;3734 Trin;4;8;11;10;15
3746;3746 Zernez;1;1;2;5;5
3752;3752 Samnaun;2;2;2;2;3
3762;3762 Scuol;9;9;13;20;31
3764;3764 Valsot;2;3;2;2;2
3781;3781 Bever;1;3;4;2;3
3782;3782 Celerina/Schlarigna;4;3;6;9;11
3783;3783 Madulain;0;0;0;0;0
3784;3784 Pontresina;6;8;12;15;18
3785;3785 La Punt-Chamues-ch;3;3;6;6;6
3786;3786 Samedan;6;7;10;15;21
3787;3787 St. Moritz;17;21;24;34;52
3788;3788 S-chanf;0;0;1;2;2
3789;3789 Sils im Engadin/Segl;0;0;1;1;8
3790;3790 Silvaplana;3;4;3;3;6
3791;3791 Zuoz;1;1;3;5;9
3792;3792 Bregaglia;2;2;1;1;2
3804;3804 Buseno;0;0;0;0;0
3805;3805 Castaneda;0;0;0;0;1
3808;3808 Rossa;0;0;0;0;0
3810;3810 Santa Maria in Calanca;0;1;2;2;2
3821;3821 Lostallo;1;0;0;1;5
3822;3822 Mesocco;2;4;3;6;10
3823;3823 Soazza;0;1;1;1;4
3831;3831 Cama;0;1;3;2;4
3832;3832 Grono;1;3;5;6;10
3834;3834 Roveredo (GR);7;7;7;13;21
3835;3835 San Vittore;1;1;0;1;4
3837;3837 Calanca;1;1;0;0;2
3847;3847 Val M������;0;0;3;3;3
3851;3851 Davos;13;17;29;37;55
3861;3861 Fideris;0;0;0;0;1
3862;3862 Furna;0;0;0;0;0
3863;3863 Jenaz;1;1;1;1;2
3871;3871 Klosters;2;2;4;8;15
3881;3881 Conters im Pr������t;1;0;0;1;1
3882;3882 K�����;2;2;2;4;7
3891;3891 Luzein;5;7;6;9;14
3901;3901 Chur;47;68;100;169;304
3911;3911 Churwalden;0;1;2;4;12
3921;3921 Arosa;7;9;13;16;27
3932;3932 Tschiertschen-Praden;0;0;0;0;0
3945;3945 Trimmis;1;1;8;10;20
3946;3946 Untervaz;5;5;6;7;13
3947;3947 Zizers;6;9;12;20;30
3951;3951 Fl����;5;7;10;12;15
3952;3952 Jenins;4;3;8;8;12
3953;3953 Maienfeld;11;17;26;36;56
3954;3954 Malans;9;10;14;19;26
3955;3955 Landquart;17;19;26;35;66
3961;3961 Gr����;6;4;8;12;22
3962;3962 Schiers;0;1;2;5;11
3972;3972 Seewis im Pr������t;1;3;4;5;6
3981;3981 Breil/Brigels;0;0;1;3;4
3982;3982 Disentis/Must��;0;2;5;7;13
3983;3983 Medel (Lucmagn);0;0;0;0;2
3985;3985 Sumvitg;2;3;4;4;5
3986;3986 Tujetsch;1;3;5;7;10
3987;3987 Trun;1;0;0;4;7
3988;3988 Obersaxen-Mundaun;0;0;0;1;4
4001;4001 Aarau;44;67;106;145;227
4002;4002 Biberstein;4;6;9;17;24
4003;4003 Buchs (AG);7;7;16;33;53
4004;4004 Densb����;2;2;4;6;11
4005;4005 Erlinsbach (AG);8;10;13;22;36
4006;4006 Gr������n;12;13;22;33;54
4007;4007 Hirschthal;6;6;7;17;25
4008;4008 K������t;9;13;19;37;61
4009;4009 Muhen;12;16;18;27;46
4010;4010 Oberentfelden;5;8;13;26;39
4012;4012 Suhr;10;15;21;26;43
4013;4013 Unterentfelden;4;6;7;17;39
4021;4021 Baden;44;55;81;116;203
4022;4022 Bellikon;4;6;8;7;14
4023;4023 Bergdietikon;11;14;20;28;41
4024;4024 Birmenstorf (AG);6;8;12;17;29
4026;4026 Ennetbaden;7;7;11;15;30
4027;4027 Fislisbach;8;12;16;26;52
4028;4028 Freienwil;1;1;3;5;8
4029;4029 Gebenstorf;9;10;17;29;45
4030;4030 Killwangen;2;2;3;5;9
4031;4031 K�����;2;2;6;11;15
4032;4032 M������g;8;7;11;14;18
4033;4033 Mellingen;12;15;17;24;43
4034;4034 Neuenhof;6;6;11;16;31
4035;4035 Niederrohrdorf;9;10;14;26;51
4037;4037 Oberrohrdorf;9;13;24;32;59
4038;4038 Obersiggenthal;14;22;31;42;70
4039;4039 Remetschwil;10;9;13;18;25
4040;4040 Spreitenbach;9;14;24;30;46
4041;4041 Stetten (AG);8;8;10;13;23
4042;4042 Turgi;5;5;9;14;21
4044;4044 Untersiggenthal;15;16;25;48;70
4045;4045 Wettingen;21;29;59;96;154
4046;4046 Wohlenschwil;2;3;8;14;20
4047;4047 W������renl;9;6;8;12;31
4048;4048 W������r;14;19;24;40;65
4049;4049 Ehrendingen;10;12;14;22;39
4061;4061 Arni (AG);8;9;11;15;25
4062;4062 Berikon;5;10;13;18;29
4063;4063 Bremgarten (AG);17;23;32;43;79
4064;4064 B������t;2;3;3;4;12
4065;4065 Dottikon;6;9;13;20;39
4066;4066 Eggenwil;2;3;8;14;21
4067;4067 Fischbach-G������s;6;9;13;15;26
4068;4068 H������ggl;4;8;18;17;28
4071;4071 Jonen;7;7;10;16;22
4072;4072 Niederwil (AG);6;4;5;8;20
4073;4073 Oberlunkhofen;4;6;9;15;34
4074;4074 Oberwil-Lieli;10;15;22;32;40
4075;4075 Rudolfstetten-Friedlisberg;8;9;14;20;37
4076;4076 Sarmenstorf;14;15;24;31;39
4077;4077 T������;2;3;3;4;10
4078;4078 Uezwil;0;0;1;1;5
4079;4079 Unterlunkhofen;2;3;5;11;18
4080;4080 Villmergen;14;18;27;22;39
4081;4081 Widen;6;7;13;23;36
4082;4082 Wohlen (AG);22;32;53;113;166
4083;4083 Zufikon;12;13;17;27;45
4084;4084 Islisberg;1;1;2;6;9
4091;4091 Auenstein;4;6;5;8;13
4092;4092 Birr;2;2;5;7;19
4093;4093 Birrhard;0;2;6;7;10
4094;4094 B����;0;2;1;2;8
4095;4095 Brugg;25;24;61;51;93
4096;4096 Effingen;2;2;5;9;8
4097;4097 Elfingen;1;1;1;2;4
4099;4099 Habsburg;0;2;4;7;8
4100;4100 Hausen (AG);2;4;6;10;29
4104;4104 Lupfig;5;6;13;18;27
4105;4105 Mandach;2;3;4;4;4
4106;4106 M������;0;0;1;1;5
4107;4107 M������l;1;1;3;6;7
4110;4110 Remigen;1;1;1;5;11
4111;4111 Riniken;5;5;8;9;12
4112;4112 R������f;2;3;6;8;12
4117;4117 Thalheim (AG);2;3;3;4;8
4120;4120 Veltheim (AG);4;5;6;12;16
4121;4121 Villigen;4;4;4;9;19
4122;4122 Villnachern;3;4;7;9;15
4123;4123 Windisch;12;20;30;39;58
4124;4124 B������;4;7;9;12;16
4125;4125 Schinznach;4;6;12;23;37
4131;4131 Beinwil am See;6;11;16;31;37
4132;4132 Birrwil;4;5;7;7;16
4133;4133 Burg (AG);1;2;2;2;5
4134;4134 D������rre;1;1;2;8;12
4135;4135 Gontenschwil;1;3;5;9;14
4136;4136 Holziken;1;1;3;6;12
4137;4137 Leimbach (AG);0;0;0;0;3
4138;4138 Leutwil;3;5;7;7;9
4139;4139 Menziken;6;7;12;24;42
4140;4140 Oberkulm;1;1;6;7;12
4141;4141 Reinach (AG);9;11;17;19;36
4142;4142 Schlossrued;3;3;3;4;5
4143;4143 Schmiedrued;1;3;3;5;10
4144;4144 Sch������f;8;9;10;17;31
4145;4145 Teufenthal (AG);1;1;1;2;7
4146;4146 Unterkulm;1;2;8;13;17
4147;4147 Zetzwil;6;6;7;8;11
4161;4161 Eiken;4;6;11;17;27
4163;4163 Frick;12;11;15;27;56
4164;4164 Gansingen;2;5;7;12;14
4165;4165 Gipf-Oberfrick;7;7;10;22;34
4166;4166 Herznach;2;4;6;9;17
4167;4167 Hornussen;3;2;5;7;10
4169;4169 Kaisten;3;4;11;18;28
4170;4170 Laufenburg;24;26;32;40;53
4172;4172 M������nchwilen;1;2;2;4;9
4173;4173 Oberhof;2;2;3;5;6
4175;4175 Oeschgen;0;2;3;7;12
4176;4176 Schwaderloch;0;0;0;1;4
4177;4177 Sisseln;2;2;3;6;14
4179;4179 Ueken;2;3;3;8;14
4181;4181 Wittnau;3;3;3;7;14
4182;4182 W������lfli;1;1;3;6;11
4183;4183 Zeihen;3;5;6;15;19
4184;4184 Mettauertal;5;6;10;17;28
4191;4191 Ammerswil;2;3;3;4;9
4192;4192 Boniswil;2;4;5;10;17
4193;4193 Brunegg;3;3;3;4;7
4194;4194 Dintikon;9;8;10;22;33
4195;4195 Egliswil;5;6;8;10;14
4196;4196 Fahrwangen;2;6;9;17;21
4197;4197 Hallwil;2;2;4;4;4
4198;4198 Hendschiken;2;2;3;3;14
4199;4199 Holderbank (AG);1;2;3;6;10
4200;4200 Hunzenschwil;6;8;10;20;33
4201;4201 Lenzburg;20;30;48;67;103
4202;4202 Meisterschwanden;10;13;23;37;56
4203;4203 M������riken-Wi;13;23;25;35;53
4204;4204 Niederlenz;9;11;15;20;34
4205;4205 Othmarsingen;7;10;14;20;32
4206;4206 Rupperswil;18;14;18;33;57
4207;4207 Schafisheim;4;5;9;19;24
4208;4208 Seengen;13;15;22;41;61
4209;4209 Seon;7;14;17;23;33
4210;4210 Staufen;5;6;12;14;29
4221;4221 Abtwil;2;2;4;6;14
4222;4222 Aristau;2;4;8;13;20
4223;4223 Auw;3;3;8;6;15
4224;4224 Beinwil (Freiamt);3;5;5;6;11
4226;4226 Besenb����;0;0;3;3;6
4227;4227 Bettwil;1;6;12;16;21
4228;4228 Boswil;6;7;10;15;23
4229;4229 B�����;1;1;1;5;9
4230;4230 Buttwil;2;2;6;8;11
4231;4231 Dietwil;1;1;1;3;6
4232;4232 Geltwil;0;0;0;2;3
4233;4233 Kallern;3;4;5;7;8
4234;4234 Merenschwand;6;10;16;21;41
4235;4235 M�����;2;2;5;8;11
4236;4236 Muri (AG);16;21;41;57;86
4237;4237 Oberr���;2;2;3;6;7
4238;4238 Rottenschwil;3;3;8;8;11
4239;4239 Sins;5;4;9;18;31
4240;4240 Waltenschwil;6;8;11;25;30
4251;4251 Hellikon;0;1;3;4;6
4252;4252 Kaiseraugst;6;9;19;27;41
4253;4253 Magden;14;14;25;31;55
4254;4254 M�����;16;23;29;46;72
4255;4255 Mumpf;6;9;12;14;25
4256;4256 Obermumpf;3;4;4;7;11
4257;4257 Olsberg;1;1;2;3;6
4258;4258 Rheinfelden;19;31;41;56;88
4259;4259 Schupfart;4;4;11;12;13
4260;4260 Stein (AG);3;5;8;12;20
4261;4261 Wallbach;5;5;9;10;17
4262;4262 Wegenstetten;0;0;2;5;10
4263;4263 Zeiningen;7;8;9;10;22
4264;4264 Zuzgen;1;2;2;4;7
4271;4271 Aarburg;11;10;15;28;49
4273;4273 Bottenwil;3;3;4;7;10
4274;4274 Brittnau;3;5;7;17;31
4275;4275 Kirchleerau;4;2;2;3;4
4276;4276 K������l;8;13;18;24;33
4277;4277 Moosleerau;1;0;0;1;5
4279;4279 Murgenthal;8;8;14;20;19
4280;4280 Oftringen;11;17;28;43;84
4281;4281 Reitnau;4;5;7;11;14
4282;4282 Rothrist;13;17;27;44;79
4283;4283 Safenwil;9;16;24;34;61
4284;4284 Staffelbach;3;6;9;12;14
4285;4285 Strengelbach;1;3;7;11;23
4286;4286 Uerkheim;2;3;7;9;13
4287;4287 Vordemwald;6;5;9;14;21
4288;4288 Wiliberg;0;1;1;1;1
4289;4289 Zofingen;16;18;34;60;91
4301;4301 Baldingen;1;2;1;1;2
4302;4302 B������;2;2;2;4;8
4303;4303 B������tt;4;8;8;13;24
4304;4304 D������tt;11;14;19;24;30
4305;4305 Endingen;1;5;7;14;20
4306;4306 Fisibach;3;3;4;6;9
4307;4307 Full-Reuenthal;2;2;2;4;5
4308;4308 Kaiserstuhl;2;2;2;3;3
4309;4309 Klingnau;2;4;11;14;25
4310;4310 Koblenz;0;2;4;5;8
4311;4311 Leibstadt;5;5;5;4;9
4312;4312 Lengnau (AG);8;12;18;27;38
4313;4313 Leuggern;4;2;7;9;15
4314;4314 Mellikon;3;3;4;6;6
4315;4315 Rekingen (AG);0;1;1;4;7
4316;4316 Rietheim;3;5;6;9;10
4317;4317 R������;1;1;1;3;4
4318;4318 Schneisingen;7;5;6;10;18
4319;4319 Siglistorf;2;5;5;5;7
4320;4320 Tegerfelden;3;5;8;11;17
4322;4322 Wislikofen;2;2;4;4;3
4323;4323 Bad Zurzach;7;9;14;18;24
4401;4401 Arbon;20;22;131;59;92
4406;4406 Dozwil;1;0;1;5;8
4411;4411 Egnach;7;8;14;23;44
4416;4416 Hefenhofen;1;1;1;3;5
4421;4421 Horn;3;3;4;8;18
4426;4426 Kesswil;0;3;6;12;13
4431;4431 Roggwil (TG);6;7;14;29;42
4436;4436 Romanshorn;17;20;26;45;73
4441;4441 Salmsach;1;2;2;3;6
4446;4446 Sommeri;4;5;5;8;10
4451;4451 Uttwil;2;3;6;8;14
4461;4461 Amriswil;12;15;24;53;95
4471;4471 Bischofszell;10;13;16;28;50
4476;4476 Erlen;3;3;4;10;22
4486;4486 Hauptwil-Gottshaus;3;4;9;11;22
4495;4495 Hohentannen;4;4;3;4;5
4501;4501 Kradolf-Sch������ne;3;4;9;13;26
4506;4506 Sulgen;5;6;7;11;23
4511;4511 Zihlschlacht-Sitterdorf;4;7;6;11;21
4536;4536 Basadingen-Schlattingen;4;3;7;15;25
4545;4545 Diessenhofen;6;8;11;21;28
4546;4546 Schlatt (TG);2;3;5;15;24
4551;4551 Aadorf;29;31;43;69;135
4561;4561 Felben-Wellhausen;2;6;9;13;28
4566;4566 Frauenfeld;57;70;116;172;267
4571;4571 Gachnang;13;14;24;32;53
4590;4590 H������ttl;2;2;3;6;8
4591;4591 Matzingen;4;8;12;15;25
4601;4601 Neunforn;5;5;8;13;14
4606;4606 Stettfurt;8;10;14;18;20
4611;4611 Thundorf;7;8;8;10;16
4616;4616 Uesslingen-Buch;5;6;9;12;17
4621;4621 Warth-Weiningen;4;5;7;16;27
4641;4641 Altnau;4;8;14;24;44
4643;4643 Bottighofen;9;11;16;26;48
4646;4646 Ermatingen;10;13;25;38;70
4651;4651 Gottlieben;1;2;2;2;2
4656;4656 G������tt;3;5;8;11;24
4666;4666 Kemmental;5;9;10;21;30
4671;4671 Kreuzlingen;39;55;81;116;203
4681;4681 Langrickenbach;4;5;6;12;14
4683;4683 Lengwil;5;6;12;17;31
4691;4691 M������nsterl;8;10;79;18;35
4696;4696 T������ger;14;14;26;45;77
4701;4701 W����;2;2;6;12;14
4711;4711 Affeltrangen;8;10;12;23;37
4716;4716 Bettwiesen;1;2;7;10;16
4721;4721 Bichelsee-Balterswil;3;10;17;26;36
4723;4723 Braunau;3;3;5;5;9
4724;4724 Eschlikon;9;8;18;25;53
4726;4726 Fischingen;0;0;2;5;19
4741;4741 Lommis;3;3;4;6;11
4746;4746 M������nchwilen;3;6;10;34;64
4751;4751 Rickenbach (TG);4;4;7;11;19
4756;4756 Sch������nholzers;0;0;1;7;7
4761;4761 Sirnach;20;21;38;65;98
4776;4776 Tobel-T������ger;3;4;7;9;17
4781;4781 W����;8;11;16;31;49
4786;4786 Wilen (TG);4;5;5;11;23
4791;4791 Wuppenau;5;4;6;10;14
4801;4801 Berlingen;4;7;9;11;14
4806;4806 Eschenz;5;6;9;11;24
4811;4811 Herdern;4;6;11;15;19
4816;4816 Homburg;2;2;3;5;11
4821;4821 H������tt;7;10;10;17;31
4826;4826 Mammern;1;3;4;7;11
4831;4831 M������l;4;6;10;27;40
4841;4841 Pfyn;7;7;11;14;28
4846;4846 Raperswilen;0;0;1;2;7
4851;4851 Salenstein;4;7;10;18;25
4864;4864 Steckborn;8;8;15;22;37
4871;4871 Wagenhausen;0;0;2;8;15
4881;4881 Amlikon-Bissegg;1;1;3;6;10
4891;4891 Berg (TG);8;12;17;21;35
4901;4901 Birwinken;4;5;8;11;17
4911;4911 B������rglen;6;7;15;18;33
4921;4921 Bussnang;2;2;5;13;26
4941;4941 M������rst;10;11;16;20;32
4946;4946 Weinfelden;33;35;63;96;146
4951;4951 Wigoltingen;9;8;11;22;29
5001;5001 Arbedo-Castione;2;6;6;13;17
5002;5002 Bellinzona;59;78;118;173;296
5003;5003 Cadenazzo;2;4;6;9;12
5009;5009 Isone;0;0;1;2;3
5010;5010 Lumino;4;5;6;8;17
5017;5017 Sant'Antonino;1;2;4;5;14
5048;5048 Acquarossa;2;2;4;8;13
5049;5049 Blenio;0;0;0;3;4
5050;5050 Serravalle;0;2;5;7;14
5061;5061 Airolo;2;2;4;6;6
5063;5063 Bedretto;0;0;0;0;0
5064;5064 Bodio;0;0;0;0;3
5071;5071 Dalpe;0;0;1;1;1
5072;5072 Faido;1;1;1;11;20
5073;5073 Giornico;0;1;1;1;1
5076;5076 Personico;0;0;0;0;2
5077;5077 Pollegio;1;1;1;3;7
5078;5078 Prato (Leventina);1;1;1;2;3
5079;5079 Quinto;1;1;0;2;5
5091;5091 Ascona;12;13;15;25;44
5096;5096 Brione sopra Minusio;4;3;3;6;9
5097;5097 Brissago;5;5;5;9;12
5108;5108 Gordola;4;5;11;19;49
5112;5112 Lavertezzo;2;2;6;9;16
5113;5113 Locarno;22;24;31;41;67
5115;5115 Losone;7;9;13;24;54
5117;5117 Mergoscia;0;0;1;1;1
5118;5118 Minusio;5;9;15;27;54
5120;5120 Muralto;6;9;14;17;20
5121;5121 Orselina;3;4;6;9;12
5125;5125 Ronco sopra Ascona;2;3;3;5;5
5131;5131 Tenero-Contra;3;6;8;12;21
5136;5136 Onsernone;1;2;2;2;3
5138;5138 Cugnasco-Gerra;7;10;12;25;40
5141;5141 Agno;3;5;6;9;21
5143;5143 Aranno;1;1;1;1;3
5144;5144 Arogno;2;2;2;5;9
5146;5146 Astano;0;0;0;0;1
5148;5148 Bedano;5;5;8;11;24
5149;5149 Bedigliora;0;0;0;0;2
5151;5151 Bioggio;13;18;25;44;62
5154;5154 Bissone;5;4;4;6;8
5160;5160 Brusino Arsizio;0;0;0;1;2
5161;5161 Cademario;2;3;6;9;11
5162;5162 Cadempino;3;2;5;13;16
5167;5167 Canobbio;0;2;3;2;10
5171;5171 Caslano;2;5;5;7;16
5176;5176 Comano;14;12;14;18;28
5180;5180 Cureglia;2;3;4;7;19
5181;5181 Curio;2;2;2;3;6
5186;5186 Grancia;2;3;4;1;3
5187;5187 Gravesano;1;2;4;9;13
5189;5189 Lamone;3;3;7;12;22
5192;5192 Lugano;118;140;224;343;543
5193;5193 Magliaso;5;6;9;10;12
5194;5194 Manno;7;8;10;17;27
5195;5195 Maroggia;1;2;4;4;5
5196;5196 Massagno;8;8;11;16;29
5197;5197 Melano;1;2;2;4;9
5198;5198 Melide;3;5;8;10;18
5199;5199 Mezzovico-Vira;2;3;4;7;10
5200;5200 Miglieglia;1;2;3;3;3
5203;5203 Morcote;0;2;1;6;10
5205;5205 Muzzano;1;2;4;9;13
5206;5206 Neggio;0;0;0;0;3
5207;5207 Novaggio;1;1;2;2;4
5208;5208 Origlio;3;4;4;10;18
5210;5210 Paradiso;12;15;22;38;63
5212;5212 Ponte Capriasca;1;3;3;9;17
5214;5214 Porza;4;7;7;11;23
5216;5216 Pura;0;1;3;6;9
5219;5219 Rovio;3;3;6;9;9
5221;5221 Savosa;3;2;4;8;15
5225;5225 Sorengo;7;8;11;12;18
5226;5226 Capriasca;11;12;23;35;67
5227;5227 Torricella-Taverne;2;3;4;7;19
5230;5230 Vernate;4;5;6;13;18
5231;5231 Vezia;6;5;6;7;11
5233;5233 Vico Morcote;1;1;1;4;11
5236;5236 Collina d'Oro;20;28;34;44;66
5237;5237 Alto Malcantone;3;4;6;7;11
5238;5238 Monteceneri;12;15;14;26;42
5239;5239 Tresa;3;2;4;9;12
5242;5242 Balerna;1;1;2;5;24
5249;5249 Castel San Pietro;6;7;7;14;28
5250;5250 Chiasso;14;16;23;30;42
5251;5251 Coldrerio;4;5;7;17;21
5254;5254 Mendrisio;32;34;45;80;159
5257;5257 Morbio Inferiore;0;5;10;18;30
5260;5260 Novazzano;1;4;6;17;26
5263;5263 Riva San Vitale;6;8;13;9;18
5266;5266 Stabio;9;9;10;23;36
5268;5268 Vacallo;3;3;4;8;18
5269;5269 Breggia;5;4;6;8;19
5281;5281 Biasca;11;14;19;26;39
5287;5287 Riviera;3;7;10;16;29
5304;5304 Bosco/Gurin;0;0;0;1;1
5307;5307 Campo (Vallemaggia);0;0;0;0;0
5309;5309 Cerentino;0;0;0;0;0
5310;5310 Cevio;1;1;3;7;10
5315;5315 Linescio;0;0;0;0;0
5317;5317 Maggia;4;5;5;10;16
5323;5323 Lavizzara;0;1;1;3;3
5324;5324 Avegno Gordevio;6;7;6;7;12
5396;5396 Terre di Pedemonte;11;13;16;22;32
5397;5397 Centovalli;2;3;2;6;9
5398;5398 Gambarogno;12;14;21;33;53
5399;5399 Verzasca;1;0;0;0;3
5401;5401 Aigle;12;15;17;35;46
5402;5402 Bex;9;8;12;19;49
5403;5403 Chessel;0;0;0;1;0
5404;5404 Corbeyrier;0;0;0;0;3
5405;5405 Gryon;1;2;2;3;7
5406;5406 Lavey-Morcles;0;1;3;5;6
5407;5407 Leysin;1;2;1;1;3
5408;5408 Noville;0;0;0;1;6
5409;5409 Ollon;14;23;33;41;80
5410;5410 Ormont-Dessous;0;0;1;4;3
5411;5411 Ormont-Dessus;2;5;6;14;14
5412;5412 Rennaz;1;1;1;3;6
5413;5413 Roche (VD);0;2;4;8;13
5414;5414 Villeneuve (VD);8;10;13;13;29
5415;5415 Yvorne;2;2;2;2;2
5422;5422 Aubonne;11;15;19;30;51
5423;5423 Ballens;0;0;1;2;8
5424;5424 Berolle;1;1;1;3;4
5425;5425 Bi���;0;0;1;2;7
5426;5426 Bougy-Villars;2;3;6;9;10
5427;5427 F����;1;1;1;4;13
5428;5428 Gimel;0;1;6;7;13
5429;5429 Longirod;2;2;2;2;6
5430;5430 Marchissy;0;0;0;2;3
5431;5431 Mollens (VD);1;1;2;3;7
5434;5434 Saint-George;1;2;5;6;11
5435;5435 Saint-Livres;3;2;4;6;9
5436;5436 Saint-Oyens;0;0;1;5;7
5437;5437 Saubraz;0;0;2;6;7
5451;5451 Avenches;3;4;4;9;23
5456;5456 Cudrefin;3;2;3;10;19
5458;5458 Faoug;7;6;7;10;14
5464;5464 Vully-les-Lacs;2;4;8;15;33
5471;5471 Bettens;0;1;2;7;14
5472;5472 Bournens;1;1;2;5;9
5473;5473 Boussens;0;0;0;1;3
5474;5474 La Chaux (Cossonay);1;1;1;2;4
5475;5475 Chavannes-le-Veyron;0;0;0;0;1
5476;5476 Chevilly;2;2;2;2;2
5477;5477 Cossonay;4;5;9;18;40
5479;5479 Cuarnens;0;2;2;5;11
5480;5480 Daillens;3;2;3;6;9
5481;5481 Dizy;0;0;0;0;1
5482;5482 Ecl�����;2;2;3;8;9
5483;5483 Ferreyres;1;1;3;5;8
5484;5484 Gollion;3;3;6;6;17
5485;5485 Grancy;1;1;2;3;4
5486;5486 L'Isle;0;0;2;5;11
5487;5487 Lussery-Villars;2;2;2;3;4
5488;5488 Mauraz;0;0;0;0;0
5489;5489 Mex (VD);2;3;4;8;12
5490;5490 Moiry;0;0;0;0;1
5491;5491 Mont-la-Ville;1;1;2;4;6
5492;5492 Montricher;4;4;5;8;11
5493;5493 Orny;1;1;1;3;5
5495;5495 Penthalaz;6;9;13;18;31
5496;5496 Penthaz;2;3;11;18;27
5497;5497 Pompaples;3;4;4;5;8
5498;5498 La Sarraz;2;5;8;12;16
5499;5499 Senarclens;0;1;2;5;8
5501;5501 Sullens;1;1;7;12;25
5503;5503 Vufflens-la-Ville;1;2;5;11;16
5511;5511 Assens;0;0;3;12;19
5512;5512 Bercher;2;2;4;7;11
5514;5514 Bottens;0;1;2;5;11
5515;5515 Bretigny-sur-Morrens;0;0;1;3;7
5516;5516 Cugy (VD);10;13;17;21;36
5518;5518 Echallens;4;6;11;22;42
5520;5520 Essertines-sur-Yverdon;0;0;1;6;14
5521;5521 Etagni����;2;3;5;9;15
5522;5522 Fey;1;0;2;4;6
5523;5523 Froideville;4;5;14;26;29
5527;5527 Morrens (VD);3;4;6;15;16
5529;5529 Oulens-sous-Echallens;1;1;2;5;12
5530;5530 Pailly;0;0;4;5;7
5531;5531 Penth�����;0;0;1;1;3
5533;5533 Poliez-Pittet;0;0;2;2;7
5534;5534 Rueyres;1;1;2;2;6
5535;5535 Saint-Barth������lemy;1;1;2;7;10
5537;5537 Villars-le-Terroir;1;1;3;6;8
5539;5539 Vuarrens;0;0;0;6;11
5540;5540 Montilliez;3;3;5;10;14
5541;5541 Goumo���;2;2;5;6;8
5551;5551 Bonvillars;0;0;0;0;2
5552;5552 Bullet;0;1;1;3;6
5553;5553 Champagne;1;3;5;14;21
5554;5554 Concise;0;1;5;6;11
5555;5555 Corcelles-pr������s-Co;2;3;1;1;3
5556;5556 Fiez;0;0;0;1;2
5557;5557 Fontaines-sur-Grandson;0;0;1;0;0
5559;5559 Giez;1;1;1;1;3
5560;5560 Grandevent;0;0;0;3;4
5561;5561 Grandson;4;6;10;21;34
5562;5562 Mauborget;0;0;0;0;1
5563;5563 Mutrux;0;0;0;2;2
5564;5564 Novalles;0;0;0;0;1
5565;5565 Onnens (VD);1;2;5;6;9
5566;5566 Provence;0;0;0;1;3
5568;5568 Sainte-Croix;2;1;4;9;15
5571;5571 T������;1;2;6;9;12
5581;5581 Belmont-sur-Lausanne;11;13;22;39;61
5582;5582 Cheseaux-sur-Lausanne;5;7;14;23;43
5583;5583 Crissier;11;14;31;52;81
5584;5584 Epalinges;16;23;27;55;100
5585;5585 Jouxtens-M�����;7;10;17;23;34
5586;5586 Lausanne;113;146;240;363;570
5587;5587 Le Mont-sur-Lausanne;23;31;46;87;158
5588;5588 Paudex;8;8;7;9;16
5589;5589 Prilly;14;16;24;43;65
5590;5590 Pully;27;43;61;94;156
5591;5591 Renens (VD);9;19;32;59;91
5592;5592 Romanel-sur-Lausanne;4;6;9;12;29
5601;5601 Chexbres;3;9;8;15;21
5604;5604 Forel (Lavaux);1;1;6;12;23
5606;5606 Lutry;20;33;60;101;164
5607;5607 Puidoux;3;4;5;8;20
5609;5609 Rivaz;0;1;1;1;2
5610;5610 Saint-Saphorin (Lavaux);0;0;1;1;1
5611;5611 Savigny;6;8;18;32;42
5613;5613 Bourg-en-Lavaux;8;13;27;52;78
5621;5621 Aclens;1;3;4;6;8
5622;5622 Bremblens;3;4;7;16;24
5623;5623 Buchillon;6;6;8;11;17
5624;5624 Bussigny;3;5;10;37;77
5627;5627 Chavannes-pr������s-R;2;4;5;7;14
5628;5628 Chigny;2;2;4;5;10
5629;5629 Clarmont;0;0;0;2;4
5631;5631 Denens;2;3;5;7;12
5632;5632 Denges;2;4;7;13;20
5633;5633 Echandens;3;3;4;12;27
5634;5634 Echichens;3;5;11;17;38
5635;5635 Ecublens (VD);14;15;30;51;74
5636;5636 Etoy;3;7;12;22;38
5637;5637 Lavigny;1;1;3;9;18
5638;5638 Lonay;5;11;18;23;35
5639;5639 Lully (VD);3;3;3;9;19
5640;5640 Lussy-sur-Morges;1;3;4;7;11
5642;5642 Morges;23;26;44;85;157
5643;5643 Pr������ver;15;19;31;44;53
5645;5645 Romanel-sur-Morges;0;0;4;9;19
5646;5646 Saint-Prex;6;9;18;33;59
5648;5648 Saint-Sulpice (VD);4;8;21;41;57
5649;5649 Tolochenaz;3;5;11;17;21
5650;5650 Vaux-sur-Morges;1;1;1;1;2
5651;5651 Villars-Sainte-Croix;2;3;7;11;16
5652;5652 Villars-sous-Yens;2;3;5;6;4
5653;5653 Vufflens-le-Ch�����;1;1;1;0;10
5654;5654 Vullierens;0;0;1;3;4
5655;5655 Yens;2;4;7;8;22
5656;5656 Hautemorges;4;4;13;24;40
5661;5661 Boulens;0;1;3;1;6
5663;5663 Bussy-sur-Moudon;0;0;0;0;0
5665;5665 Chavannes-sur-Moudon;0;0;1;3;3
5669;5669 Curtilles;1;2;1;2;3
5671;5671 Dompierre (VD);0;0;1;1;2
5673;5673 Hermenches;2;2;2;4;5
5674;5674 Lovatens;0;0;0;0;0
5675;5675 Lucens;1;6;5;10;23
5678;5678 Moudon;4;8;12;15;26
5680;5680 Ogens;1;1;1;3;4
5683;5683 Pr������vo;0;0;0;0;1
5684;5684 Rossenges;0;0;1;1;3
5688;5688 Syens;0;0;0;0;1
5690;5690 Villars-le-Comte;0;0;0;0;0
5692;5692 Vucherens;2;2;2;3;5
5693;5693 Montanaire;5;5;10;24;41
5701;5701 Arnex-sur-Nyon;2;2;2;3;8
5702;5702 Arzier-Le Muids;6;12;22;34;57
5703;5703 Bassins;2;4;6;14;21
5704;5704 Begnins;3;2;6;18;25
5705;5705 Bogis-Bossey;0;0;3;5;8
5706;5706 Borex;4;6;9;12;17
5707;5707 Chavannes-de-Bogis;2;3;4;10;19
5708;5708 Chavannes-des-Bois;1;3;4;8;11
5709;5709 Ch������;3;3;4;6;20
5710;5710 Coinsins;2;2;3;4;6
5711;5711 Commugny;13;17;25;42;54
5712;5712 Coppet;8;11;15;24;51
5713;5713 Crans (VD);7;7;16;28;44
5714;5714 Crassier;3;3;9;16;20
5715;5715 Duillier;4;4;6;12;16
5716;5716 Eysins;5;4;6;12;17
5717;5717 Founex;8;14;30;40;61
5718;5718 Genolier;5;6;13;26;37
5719;5719 Gingins;4;8;14;18;29
5720;5720 Givrins;1;1;2;3;15
5721;5721 Gland;17;21;36;82;112
5722;5722 Grens;1;1;1;2;3
5723;5723 Mies;8;13;18;25;38
5724;5724 Nyon;32;45;64;118;177
5725;5725 Prangins;8;10;15;28;39
5726;5726 La Rippe;4;6;8;16;25
5727;5727 Saint-Cergue;3;2;5;8;24
5728;5728 Signy-Avenex;0;0;3;6;8
5729;5729 Tannay;5;6;12;17;22
5730;5730 Tr����;2;4;5;9;18
5731;5731 Le Vaud;2;2;4;10;17
5732;5732 Vich;2;2;4;6;11
5741;5741 L'Abergement;0;0;0;1;1
5742;5742 Agiez;0;0;1;1;2
5743;5743 Arnex-sur-Orbe;0;2;1;1;4
5744;5744 Ballaigues;0;1;2;5;8
5745;5745 Baulmes;0;0;2;4;5
5746;5746 Bavois;4;5;6;7;12
5747;5747 Bofflens;0;0;0;0;0
5748;5748 Bretonni����;0;0;0;1;2
5749;5749 Chavornay;0;2;8;18;36
5750;5750 Les Cl���;0;0;0;1;1
5752;5752 Croy;0;0;2;3;3
5754;5754 Juriens;0;0;0;1;4
5755;5755 Lignerolle;0;0;0;1;2
5756;5756 Montcherand;1;1;2;5;5
5757;5757 Orbe;5;8;10;17;37
5758;5758 La Praz;0;0;0;1;0
5759;5759 Premier;0;0;1;3;4
5760;5760 Rances;1;1;0;3;6
5761;5761 Romainm������tier;0;0;0;2;2
5762;5762 Sergey;0;0;1;1;1
5763;5763 Valeyres-sous-Rances;1;1;5;9;12
5764;5764 Vallorbe;0;1;4;12;14
5765;5765 Vaulion;0;1;2;3;3
5766;5766 Vuiteboeuf;0;1;1;2;4
5785;5785 Corcelles-le-Jorat;0;0;0;0;4
5788;5788 Essertes;0;0;0;1;4
5790;5790 Maracon;0;0;1;1;1
5792;5792 Montpreveyres;2;3;5;8;10
5798;5798 Ropraz;1;1;2;4;6
5799;5799 Servion;2;4;4;13;23
5803;5803 Vulliens;0;0;0;3;5
5804;5804 Jorat-Menthue;2;5;8;12;15
5805;5805 Oron;3;4;7;16;29
5806;5806 Jorat-M������z;4;6;6;14;28
5812;5812 Champtauroz;0;0;0;0;2
5813;5813 Chevroux;1;1;2;4;7
5816;5816 Corcelles-pr������s-Pa;2;3;3;7;12
5817;5817 Grandcour;1;2;2;3;5
5819;5819 Henniez;0;0;1;1;1
5821;5821 Missy;1;1;2;3;5
5822;5822 Payerne;8;12;21;33;59
5827;5827 Trey;0;1;1;2;4
5828;5828 Treytorrens (Payerne);0;1;1;2;2
5830;5830 Villarzel;1;1;1;3;4
5831;5831 Valbroye;2;4;6;11;23
5841;5841 Ch������teau-;4;4;7;4;15
5842;5842 Rossini���;0;0;1;1;3
5843;5843 Rougemont;1;1;1;0;0
5851;5851 Allaman;0;0;1;1;2
5852;5852 Bursinel;1;3;3;5;9
5853;5853 Bursins;2;2;6;10;18
5854;5854 Burtigny;1;0;2;3;4
5855;5855 Dully;5;5;8;10;23
5856;5856 Essertines-sur-Rolle;4;1;2;3;7
5857;5857 Gilly;2;2;4;11;17
5858;5858 Luins;0;0;2;5;7
5859;5859 Mont-sur-Rolle;4;3;7;17;27
5860;5860 Perroy;3;3;9;12;13
5861;5861 Rolle;13;14;21;34;62
5862;5862 Tartegnin;0;0;0;1;2
5863;5863 Vinzel;1;2;2;4;5
5871;5871 L'Abbaye;1;3;8;12;20
5872;5872 Le Chenit;13;13;18;23;36
5873;5873 Le Lieu;1;1;2;3;4
5881;5881 Blonay;13;24;40;59;96
5882;5882 Chardonne;8;9;19;31;42
5883;5883 Corseaux;4;4;11;19;30
5884;5884 Corsier-sur-Vevey;0;1;4;10;15
5885;5885 Jongny;5;4;10;14;30
5886;5886 Montreux;23;29;53;93;152
5888;5888 Saint-L������gier-La Ch;14;14;21;47;83
5889;5889 La Tour-de-Peilz;8;16;29;40;65
5890;5890 Vevey;12;15;23;44;99
5891;5891 Veytaux;0;0;0;1;4
5902;5902 Belmont-sur-Yverdon;0;1;0;2;3
5903;5903 Bioley-Magnoux;0;1;1;1;3
5904;5904 Chamblon;3;4;5;3;6
5905;5905 Champvent;1;1;1;0;1
5907;5907 Chavannes-le-Ch���;1;1;1;1;1
5908;5908 Ch������ne-P�;1;1;2;2;5
5909;5909 Cheseaux-Nor���;0;0;1;4;8
5910;5910 Cronay;0;0;1;1;1
5911;5911 Cuarny;0;0;1;1;1
5912;5912 D������;0;0;0;0;0
5913;5913 Donneloye;1;0;2;2;10
5914;5914 Ependes (VD);0;0;0;0;1
5919;5919 Mathod;1;1;1;2;4
5921;5921 Molondin;0;0;1;2;2
5922;5922 Montagny-pr������s-Yv;2;2;2;5;12
5923;5923 Oppens;1;1;1;3;3
5924;5924 Orges;0;0;2;2;5
5925;5925 Orzens;0;0;1;2;2
5926;5926 Pomy;0;1;2;3;6
5928;5928 Rovray;0;0;1;1;1
5929;5929 Suchy;1;1;2;2;7
5930;5930 Susc����;0;1;1;1;3
5931;5931 Treycovagnes;0;0;2;3;3
5932;5932 Ursins;0;0;2;3;5
5933;5933 Valeyres-sous-Montagny;1;1;1;2;5
5934;5934 Valeyres-sous-Ursins;0;0;2;2;2
5935;5935 Villars-Epeney;0;0;0;1;1
5937;5937 Vugelles-La Mothe;0;0;0;1;1
5938;5938 Yverdon-les-Bains;26;30;52;76;144
5939;5939 Yvonand;5;7;7;15;29
6002;6002 Brig-Glis;18;25;45;50;90
6004;6004 Eggerberg;0;0;1;1;2
6007;6007 Naters;8;11;13;32;51
6008;6008 Ried-Brig;2;4;8;10;14
6009;6009 Simplon;0;0;0;1;3
6010;6010 Termen;0;0;1;2;9
6011;6011 Zwischbergen;0;0;0;0;0
6021;6021 Ardon;8;9;10;13;24
6022;6022 Chamoson;5;10;18;23;49
6023;6023 Conthey;7;12;20;32;69
6024;6024 Nendaz;9;8;14;19;47
6025;6025 V�����;8;12;16;27;61
6032;6032 Bourg-Saint-Pierre;0;1;1;1;2
6033;6033 Liddes;1;1;1;2;2
6034;6034 Orsi����;1;1;2;7;13
6035;6035 Sembrancher;0;1;2;1;1
6037;6037 Val de Bagnes;22;22;34;49;87
6052;6052 Bellwald;2;2;4;4;5
6054;6054 Binn;0;0;0;0;0
6056;6056 Ernen;2;2;4;5;6
6057;6057 Fiesch;6;6;7;8;11
6058;6058 Fieschertal;0;0;0;0;3
6061;6061 Lax;1;1;2;2;4
6076;6076 Obergoms;4;5;11;11;12
6077;6077 Goms;11;11;3;4;6
6082;6082 Ayent;3;5;10;13;33
6083;6083 Evol���;5;6;11;12;17
6084;6084 H������r�;1;1;1;2;7
6087;6087 Saint-Martin (VS);0;0;2;2;3
6089;6089 Vex;2;3;7;9;19
6090;6090 Mont-Noble;3;4;6;8;15
6101;6101 Agarn;0;1;1;0;2
6102;6102 Albinen;0;0;1;0;0
6104;6104 Ergisch;0;0;0;1;1
6109;6109 Inden;0;0;0;0;0
6110;6110 Leuk;13;15;16;24;34
6111;6111 Leukerbad;4;2;3;5;6
6112;6112 Oberems;0;0;0;0;1
6113;6113 Salgesch;3;6;7;9;16
6116;6116 Varen;2;3;6;6;6
6117;6117 Guttet-Feschel;0;0;0;0;1
6118;6118 Gampel-Bratsch;5;6;11;16;25
6119;6119 Turtmann-Unterems;1;2;3;4;9
6131;6131 Bovernier;2;1;1;1;4
6133;6133 Fully;6;8;15;21;59
6134;6134 Is������r;1;2;3;3;3
6135;6135 Leytron;2;2;8;12;19
6136;6136 Martigny;19;25;42;62;131
6137;6137 Martigny-Combe;4;6;6;7;16
6139;6139 Riddes;1;2;7;15;23
6140;6140 Saillon;5;7;7;11;35
6141;6141 Saxon;8;13;16;23;45
6142;6142 Trient;0;0;0;0;0
6151;6151 Champ���;0;1;2;3;9
6152;6152 Collombey-Muraz;10;11;13;26;60
6153;6153 Monthey;12;18;28;52;99
6154;6154 Port-Valais;5;6;8;14;41
6155;6155 Saint-Gingolph;1;1;2;4;7
6156;6156 Troistorrents;6;9;11;13;28
6157;6157 Val-d'Illiez;1;2;5;5;9
6158;6158 Vionnaz;1;4;11;13;23
6159;6159 Vouvry;4;6;8;10;21
6172;6172 Bister;0;0;1;1;1
6173;6173 Bitsch;0;0;2;3;8
6177;6177 Grengiols;2;3;3;3;3
6181;6181 Riederalp;5;4;4;4;4
6191;6191 Ausserberg;0;0;0;1;3
6192;6192 Blatten;0;0;0;0;0
6193;6193 B������;3;3;7;10;15
6194;6194 Eischoll;1;2;3;5;9
6195;6195 Ferden;0;0;0;1;1
6197;6197 Kippel;2;4;5;5;6
6198;6198 Niedergesteln;1;1;2;3;7
6199;6199 Raron;4;7;9;13;24
6201;6201 Unterb���;0;0;0;1;4
6202;6202 Wiler (L������ts;0;0;0;1;0
6203;6203 M������rel-;1;1;4;5;8
6204;6204 Steg-Hohtenn;12;15;13;10;14
6205;6205 Bettmeralp;2;2;3;3;3
6211;6211 Collonges;0;0;1;2;2
6212;6212 Dor����;0;0;1;3;5
6213;6213 Evionnaz;0;0;0;0;5
6214;6214 Finhaut;0;0;0;0;1
6215;6215 Massongex;1;1;1;5;15
6217;6217 Saint-Maurice;5;5;7;8;19
6218;6218 Salvan;1;1;1;2;4
6219;6219 Vernayaz;4;4;6;7;11
6220;6220 V������r;1;1;1;2;3
6232;6232 Chalais;3;4;6;11;28
6235;6235 Chippis;0;0;1;1;2
6238;6238 Gr���;1;1;1;3;13
6239;6239 Icogne;0;0;3;4;7
6240;6240 Lens;3;5;7;12;28
6246;6246 Saint-L������;2;2;4;7;14
6248;6248 Sierre;22;24;38;45;111
6252;6252 Anniviers;3;4;8;13;21
6253;6253 Crans-Montana;24;26;39;43;81
6254;6254 Noble-Contr��;8;8;13;20;43
6261;6261 Arbaz;4;5;5;8;15
6263;6263 Grimisuat;3;6;13;16;34
6265;6265 Savi���;10;10;19;30;77
6266;6266 Sion;56;81;137;211;362
6267;6267 Veysonnaz;1;1;1;2;5
6281;6281 Baltschieder;1;1;2;2;10
6282;6282 Eisten;0;0;0;0;1
6283;6283 Embd;0;0;0;0;0
6285;6285 Gr�����;11;11;11;16;15
6286;6286 Lalden;0;0;1;1;2
6287;6287 Randa;0;0;1;0;0
6288;6288 Saas-Almagell;1;0;1;2;3
6289;6289 Saas-Balen;0;0;0;1;2
6290;6290 Saas-Fee;54;53;59;56;58
6291;6291 Saas-Grund;4;3;4;5;8
6292;6292 St. Niklaus;2;4;5;9;13
6293;6293 Stalden (VS);0;0;1;4;11
6294;6294 Staldenried;0;1;1;1;3
6295;6295 T����;1;1;1;1;2
6296;6296 T�����;0;0;0;0;0
6297;6297 Visp;21;25;32;44;82
6298;6298 Visperterminen;0;1;4;4;8
6299;6299 Zeneggen;0;1;1;3;5
6300;6300 Zermatt;153;158;152;152;164
6404;6404 Boudry;11;10;16;23;44
6408;6408 Cortaillod;5;10;18;29;45
6413;6413 Rochefort;1;1;2;6;20
6416;6416 Milvignes;6;10;16;30;53
6417;6417 La Grande B������;12;16;25;52;78
6421;6421 La Chaux-de-Fonds;28;35;50;76;138
6422;6422 Les Planchettes;0;0;0;0;0
6423;6423 La Sagne;1;1;1;1;6
6432;6432 La Br�����;0;0;0;0;2
6433;6433 Brot-Plamboz;0;0;0;2;2
6434;6434 Le Cerneux-P������qu;0;0;0;0;0
6435;6435 La Chaux-du-Milieu;0;0;1;1;5
6436;6436 Le Locle;6;6;9;16;30
6437;6437 Les Ponts-de-Martel;3;4;4;7;10
6451;6451 Cornaux;0;0;2;1;11
6452;6452 Cressier (NE);2;1;1;3;7
6453;6453 Enges;0;0;1;1;0
6454;6454 Hauterive;2;1;2;4;8
6455;6455 Le Landeron;1;3;2;13;17
6456;6456 Ligni����;3;3;4;10;13
6458;6458 Neuch����;47;60;99;148;232
6459;6459 Saint-Blaise;1;1;3;7;14
6461;6461 La T���;6;8;15;27;46
6487;6487 Val-de-Ruz;18;23;46;72;105
6504;6504 La C������te-aux;0;0;0;0;1
6511;6511 Les Verri����;0;0;0;0;0
6512;6512 Val-de-Travers;3;14;24;41;64
6601;6601 Aire-la-Ville;1;2;2;4;15
6602;6602 Ani����;5;8;12;25;35
6603;6603 Avully;1;0;5;6;8
6604;6604 Avusy;1;2;7;8;15
6605;6605 Bardonnex;1;1;4;9;18
6606;6606 Bellevue;3;5;10;14;22
6607;6607 Bernex;6;7;16;34;63
6608;6608 Carouge (GE);51;77;107;131;206
6609;6609 Cartigny;2;3;4;9;12
6610;6610 C������;5;5;5;9;13
6611;6611 Chancy;3;7;6;7;17
6612;6612 Ch������ne-Boug;24;24;46;74;105
6613;6613 Ch������ne-;6;7;6;16;30
6614;6614 Choulex;3;4;9;13;17
6615;6615 Collex-Bossy;1;1;4;7;17
6616;6616 Collonge-Bellerive;28;33;45;66;105
6617;6617 Cologny;22;23;35;56;88
6618;6618 Confignon;5;4;5;8;28
6619;6619 Corsier (GE);6;6;9;14;24
6620;6620 Dardagny;0;1;1;2;8
6621;6621 Gen���;175;223;317;481;713
6622;6622 Genthod;6;9;9;16;27
6623;6623 Le Grand-Saconnex;7;8;10;26;50
6624;6624 Gy;2;3;4;4;7
6625;6625 Hermance;3;6;8;8;17
6626;6626 Jussy;4;6;7;9;17
6627;6627 Laconnex;1;1;3;5;7
6628;6628 Lancy;17;26;50;101;159
6629;6629 Meinier;4;7;7;11;21
6630;6630 Meyrin;15;27;31;63;108
6631;6631 Onex;8;12;18;20;33
6632;6632 Perly-Certoux;5;6;9;14;23
6633;6633 Plan-les-Ouates;26;29;45;58;88
6634;6634 Pregny-Chamb���;13;16;24;29;39
6635;6635 Presinge;1;1;1;0;3
6636;6636 Puplinge;1;1;3;4;5
6637;6637 Russin;2;2;3;4;6
6638;6638 Satigny;3;8;13;26;48
6639;6639 Soral;1;1;3;5;7
6640;6640 Th����;14;14;27;41;64
6641;6641 Troinex;5;8;10;13;26
6642;6642 Vandoeuvres;13;15;27;40;51
6643;6643 Vernier;34;45;60;90;134
6644;6644 Versoix;13;17;22;32;55
6645;6645 Veyrier;13;19;31;60;106
6702;6702 Bo������;0;1;2;7;11
6703;6703 Bourrignon;0;0;1;1;3
6704;6704 Ch������tillon;0;0;0;0;0
6706;6706 Courchapoix;0;1;1;1;1
6708;6708 Courrendlin;4;7;7;14;23
6709;6709 Courroux;2;2;4;6;19
6710;6710 Court������;0;3;6;10;16
6711;6711 Del�����;10;15;23;46;87
6712;6712 Develier;2;2;3;8;20
6713;6713 Ederswiler;0;0;0;0;1
6715;6715 Mervelier;0;1;1;2;3
6716;6716 Mettembert;0;0;0;0;0
6718;6718 Movelier;1;2;2;2;4
6719;6719 Pleigne;1;1;2;1;2
6721;6721 Rossemaison;0;0;0;3;5
6722;6722 Saulcy;0;0;1;2;3
6724;6724 Soyhi����;1;1;2;2;6
6729;6729 Haute-Sorne;33;21;19;28;46
6730;6730 Val Terbi;3;3;4;10;22
6741;6741 Le B������mont;0;0;0;0;0
6742;6742 Les Bois;0;0;1;4;9
6743;6743 Les Breuleux;2;2;1;5;8
6744;6744 La Chaux-des-Breuleux;0;0;0;0;0
6745;6745 Les Enfers;0;0;0;0;0
6748;6748 Les Genevez (JU);1;1;3;6;8
6750;6750 Lajoux (JU);0;1;1;2;6
6751;6751 Montfaucon;1;1;1;3;4
6753;6753 Muriaux;1;1;1;2;3
6754;6754 Le Noirmont;0;1;1;3;12
6757;6757 Saignel�����;1;2;3;9;14
6758;6758 Saint-Brais;0;1;2;3;3
6759;6759 Soubey;0;0;0;0;0
6771;6771 Alle;0;0;1;4;10
6773;6773 Beurnev����;0;0;1;1;1
6774;6774 Boncourt;2;2;2;3;5
6775;6775 Bonfol;1;2;3;3;5
6778;6778 Bure;0;0;1;2;5
6781;6781 Coeuve;0;0;1;1;7
6782;6782 Cornol;1;1;4;4;9
6783;6783 Courchavon;1;0;0;0;1
6784;6784 Courgenay;1;1;4;6;14
6785;6785 Courtedoux;0;0;0;2;5
6787;6787 Damphreux;0;0;0;0;0
6789;6789 Fahy;1;1;1;2;2
6790;6790 Fontenais;5;5;7;8;17
6792;6792 Grandfontaine;0;0;1;1;1
6793;6793 Lugnez;0;0;0;0;0
6800;6800 Porrentruy;7;10;15;29;49
6806;6806 Vendlincourt;0;0;0;0;3
6807;6807 Basse-Allaine;2;2;3;5;9
6808;6808 Clos du Doubs;0;0;2;6;9
6809;6809 Haute-Ajoie;0;0;1;1;2
6810;6810 La Baroche;3;2;3;5;6
