,City,2017,2018,2019,2020,2021,2022_pred,2023_pred,2024_pred,Count,recomm_2022,diff_2022,recomm_2023,diff_2023,recomm_2024,diff_2024
0,Gondiswil Schweiz,,,,,,,,,1.0,,,,,,
1,Sattel,1.0,4.0,7.0,9.0,11.0,23.0,47.0,97.0,1.0,2.0,1.0,4.0,2.0,8.0,4.0
2,Steinen,11.0,10.0,15.0,17.0,27.0,35.0,44.0,57.0,3.0,4.0,1.0,5.0,1.0,6.0,1.0
3,Aadorf,29.0,31.0,43.0,69.0,135.0,203.0,305.0,460.0,2.0,3.0,1.0,5.0,2.0,8.0,3.0
4,Aarau,44.0,67.0,106.0,145.0,227.0,343.0,517.0,781.0,16.0,24.0,8.0,36.0,12.0,54.0,18.0
5,Aarberg,14.0,19.0,22.0,31.0,50.0,69.0,96.0,133.0,2.0,3.0,1.0,4.0,1.0,6.0,2.0
6,Abtwil,2.0,2.0,4.0,6.0,14.0,24.0,41.0,70.0,1.0,2.0,1.0,3.0,1.0,5.0,2.0
7,Adelboden,2.0,2.0,3.0,4.0,8.0,12.0,17.0,25.0,6.0,9.0,3.0,13.0,4.0,19.0,6.0
8,Adelschlag,,,,,,,,,1.0,,,,,,
9,Adlikon,1.0,5.0,4.0,6.0,11.0,25.0,57.0,131.0,1.0,2.0,1.0,5.0,3.0,11.0,6.0
10,Adliswil,29.0,32.0,61.0,88.0,145.0,221.0,337.0,514.0,13.0,20.0,7.0,30.0,10.0,46.0,16.0
11,Aesch,,,,,,,,,3.0,,,,,,
12,Aetingen,,,,,,,,,1.0,,,,,,
13,Affoltern am Albis,29.0,35.0,54.0,75.0,103.0,142.0,196.0,270.0,5.0,7.0,2.0,10.0,3.0,14.0,4.0
14,Agno,3.0,5.0,6.0,9.0,21.0,35.0,59.0,99.0,1.0,2.0,1.0,3.0,1.0,5.0,2.0
15,Agra,,,,,,,,,1.0,,,,,,
16,Aigle,12.0,15.0,17.0,35.0,46.0,66.0,95.0,137.0,7.0,10.0,3.0,14.0,4.0,20.0,6.0
17,Aire-la-Ville,1.0,2.0,2.0,4.0,15.0,33.0,72.0,157.0,3.0,7.0,4.0,15.0,8.0,33.0,18.0
18,Airolo,2.0,2.0,4.0,6.0,6.0,8.0,11.0,16.0,1.0,1.0,0.0,1.0,0.0,1.0,0.0
19,Albeuve,,,,,,,,,2.0,,,,,,
20,Allschwil,18.0,28.0,36.0,57.0,102.0,158.0,246.0,382.0,4.0,6.0,2.0,9.0,3.0,14.0,5.0
21,Alpnach,5.0,9.0,18.0,21.0,31.0,50.0,80.0,130.0,1.0,2.0,1.0,3.0,1.0,5.0,2.0
22,Alt St. Johann,,,,,,,,,2.0,,,,,,
23,Altdorf,,,,,,,,,3.0,,,,,,
24,Altendorf,24.0,32.0,53.0,80.0,112.0,165.0,244.0,359.0,3.0,4.0,1.0,6.0,2.0,9.0,3.0
25,Altheim,,,,,,,,,1.0,,,,,,
26,Altstadt Kleinbasel,,,,,,,,,1.0,,,,,,
27,Altstätten,15.0,23.0,33.0,59.0,97.0,155.0,248.0,397.0,3.0,5.0,2.0,8.0,3.0,13.0,5.0
28,Alzey,,,,,,,,,2.0,,,,,,
29,Amden,4.0,3.0,4.0,5.0,6.0,7.0,8.0,9.0,2.0,2.0,0.0,2.0,0.0,2.0,0.0
30,Amlikon-Bissegg,1.0,1.0,3.0,6.0,10.0,19.0,37.0,70.0,1.0,2.0,1.0,4.0,2.0,8.0,4.0
31,Amlikon-Bissegg Bissegg,,,,,,,,,1.0,,,,,,
32,Amriswil,12.0,15.0,24.0,53.0,95.0,163.0,279.0,477.0,3.0,5.0,2.0,9.0,4.0,15.0,6.0
33,Amriswil-Aachtal,,,,,,,,,1.0,,,,,,
34,Andeer,2.0,3.0,6.0,6.0,6.0,8.0,11.0,16.0,1.0,1.0,0.0,1.0,0.0,1.0,0.0
35,Andermatt,2.0,3.0,2.0,2.0,8.0,14.0,26.0,46.0,1.0,2.0,1.0,4.0,2.0,7.0,3.0
36,Anières,5.0,8.0,12.0,25.0,35.0,58.0,95.0,156.0,1.0,2.0,1.0,3.0,1.0,5.0,2.0
37,Anzère,,,,,,,,,3.0,,,,,,
38,Appenzell,36.0,37.0,49.0,67.0,96.0,124.0,159.0,205.0,4.0,5.0,1.0,6.0,1.0,8.0,2.0
39,Aranno,1.0,1.0,1.0,1.0,3.0,4.0,7.0,10.0,1.0,1.0,0.0,2.0,1.0,3.0,1.0
40,Arbaz,4.0,5.0,5.0,8.0,15.0,21.0,31.0,44.0,2.0,3.0,1.0,4.0,1.0,6.0,2.0
41,Arbon,20.0,22.0,131.0,59.0,92.0,208.0,472.0,1071.0,5.0,11.0,6.0,25.0,14.0,57.0,32.0
42,Ardez,,,,,,,,,1.0,,,,,,
43,Ardon,8.0,9.0,10.0,13.0,24.0,32.0,43.0,58.0,6.0,8.0,2.0,11.0,3.0,15.0,4.0
44,Arni BE,,,,,,,,,1.0,,,,,,
45,Arosa,7.0,9.0,13.0,16.0,27.0,38.0,54.0,76.0,6.0,8.0,2.0,11.0,3.0,15.0,4.0
46,Arzo,,,,,,,,,1.0,,,,,,
47,Attalens,4.0,6.0,13.0,26.0,37.0,66.0,116.0,206.0,2.0,4.0,2.0,7.0,3.0,12.0,5.0
48,Au SG,,,,,,,,,1.0,,,,,,
49,Aubonne,11.0,15.0,19.0,30.0,51.0,75.0,111.0,164.0,2.0,3.0,1.0,4.0,1.0,6.0,2.0
50,Auvernier,,,,,,,,,1.0,,,,,,
51,Auw,3.0,3.0,8.0,6.0,15.0,26.0,45.0,78.0,1.0,2.0,1.0,3.0,1.0,5.0,2.0
52,Außerguggenberg,,,,,,,,,1.0,,,,,,
53,Avegno,,,,,,,,,1.0,,,,,,
54,Avenches,3.0,4.0,4.0,9.0,23.0,41.0,73.0,131.0,2.0,4.0,2.0,7.0,3.0,13.0,6.0
55,Avry-devant-Pont,,,,,,,,,2.0,,,,,,
56,Avully,1.0,0.0,5.0,6.0,8.0,inf,inf,inf,1.0,inf,inf,,,,
57,Ayent,3.0,5.0,10.0,13.0,33.0,62.0,116.0,218.0,1.0,2.0,1.0,4.0,2.0,8.0,4.0
58,Aïre,,,,,,,,,2.0,,,,,,
59,Baar,71.0,85.0,141.0,187.0,290.0,416.0,596.0,854.0,62.0,89.0,27.0,128.0,39.0,183.0,55.0
60,Babenhausen,,,,,,,,,2.0,,,,,,
61,Bachenbülach,8.0,11.0,21.0,35.0,72.0,126.0,221.0,387.0,3.0,5.0,2.0,9.0,4.0,16.0,7.0
62,Bad Ragaz,3.0,4.0,10.0,21.0,45.0,91.0,183.0,370.0,4.0,8.0,4.0,16.0,8.0,32.0,16.0
63,Bad Zurzach,7.0,9.0,14.0,18.0,24.0,33.0,45.0,61.0,1.0,1.0,0.0,1.0,0.0,1.0,0.0
64,Baden,44.0,55.0,81.0,116.0,203.0,300.0,442.0,653.0,10.0,15.0,5.0,22.0,7.0,33.0,11.0
65,Baden-Dättwil,,,,,,,,,1.0,,,,,,
66,Balerna,1.0,1.0,2.0,5.0,24.0,62.0,159.0,410.0,2.0,5.0,3.0,13.0,8.0,34.0,21.0
67,Balgach,7.0,11.0,20.0,35.0,43.0,68.0,109.0,174.0,1.0,2.0,1.0,3.0,1.0,5.0,2.0
68,Ballaigues,0.0,1.0,2.0,5.0,8.0,inf,inf,inf,2.0,inf,inf,,,,
69,Ballens,0.0,0.0,1.0,2.0,8.0,,,,1.0,,,,,,
70,Ballwil,3.0,8.0,15.0,24.0,28.0,51.0,93.0,171.0,2.0,4.0,2.0,7.0,3.0,13.0,6.0
71,Barmelweid,,,,,,,,,1.0,,,,,,
72,Bas-Vully,,,,,,,,,1.0,,,,,,
73,Basel,157.0,207.0,332.0,511.0,785.0,1177.0,1765.0,2646.0,5.0,7.0,2.0,10.0,3.0,15.0,5.0
74,Bauen,,,,,,,,,1.0,,,,,,
75,Bauma,9.0,15.0,21.0,24.0,36.0,51.0,73.0,105.0,1.0,1.0,0.0,1.0,0.0,1.0,0.0
76,Bavois,4.0,5.0,6.0,7.0,12.0,16.0,21.0,28.0,1.0,1.0,0.0,1.0,0.0,1.0,0.0
77,Bazenheid,,,,,,,,,1.0,,,,,,
78,Beckenried,9.0,11.0,20.0,25.0,37.0,53.0,77.0,111.0,3.0,4.0,1.0,6.0,2.0,9.0,3.0
79,Bedano,5.0,5.0,8.0,11.0,24.0,37.0,57.0,88.0,1.0,2.0,1.0,3.0,1.0,5.0,2.0
80,Bedigliora,0.0,0.0,0.0,0.0,2.0,,,,1.0,,,,,,
81,Belfaux,2.0,2.0,5.0,10.0,12.0,20.0,34.0,56.0,1.0,2.0,1.0,3.0,1.0,5.0,2.0
82,Bellach,23.0,23.0,31.0,44.0,58.0,74.0,94.0,119.0,2.0,3.0,1.0,4.0,1.0,5.0,1.0
83,Bellevue GE,,,,,,,,,2.0,,,,,,
84,Bellinzona,59.0,78.0,118.0,173.0,296.0,445.0,669.0,1005.0,9.0,14.0,5.0,21.0,7.0,32.0,11.0
85,Bellwald,2.0,2.0,4.0,4.0,5.0,7.0,9.0,11.0,1.0,1.0,0.0,1.0,0.0,1.0,0.0
86,Belp,20.0,23.0,32.0,42.0,74.0,104.0,146.0,205.0,4.0,6.0,2.0,8.0,2.0,11.0,3.0
87,Bendern,,,,,,,,,1.0,,,,,,
88,Benken,,,,,,,,,1.0,,,,,,
89,Bercher,2.0,2.0,4.0,7.0,11.0,17.0,27.0,43.0,1.0,2.0,1.0,3.0,1.0,5.0,2.0
90,Berg SG,,,,,,,,,1.0,,,,,,
91,Bergün,,,,,,,,,1.0,,,,,,
92,Berikon,5.0,10.0,13.0,18.0,29.0,46.0,72.0,113.0,2.0,3.0,1.0,5.0,2.0,8.0,3.0
93,Bern,178.0,227.0,329.0,489.0,820.0,1207.0,1777.0,2615.0,37.0,54.0,17.0,80.0,26.0,118.0,38.0
94,Bern 22,,,,,,,,,1.0,,,,,,
95,Bern Kirchenfeld-Schosshalde,,,,,,,,,1.0,,,,,,
96,Bernex,6.0,7.0,16.0,34.0,63.0,117.0,217.0,404.0,5.0,9.0,4.0,17.0,8.0,32.0,15.0
97,Besazio,,,,,,,,,1.0,,,,,,
98,Bettwil,1.0,6.0,12.0,16.0,21.0,56.0,149.0,396.0,17.0,45.0,28.0,120.0,75.0,319.0,199.0
99,Bevaix,,,,,,,,,2.0,,,,,,
100,Bever,1.0,3.0,4.0,2.0,3.0,5.0,8.0,12.0,1.0,2.0,1.0,3.0,1.0,4.0,1.0
101,Bevern,,,,,,,,,1.0,,,,,,
102,Bex,9.0,8.0,12.0,19.0,49.0,80.0,131.0,215.0,2.0,3.0,1.0,5.0,2.0,8.0,3.0
103,Biasca,11.0,14.0,19.0,26.0,39.0,54.0,74.0,101.0,1.0,1.0,0.0,1.0,0.0,1.0,0.0
104,Biberist,5.0,8.0,18.0,34.0,45.0,79.0,140.0,248.0,2.0,4.0,2.0,7.0,3.0,12.0,5.0
105,Bidogno,,,,,,,,,1.0,,,,,,
106,Biel,,,,,,,,,4.0,,,,,,
107,Biel-Benken,5.0,8.0,11.0,16.0,36.0,60.0,100.0,168.0,2.0,3.0,1.0,5.0,2.0,8.0,3.0
108,Biel/Bienne,52.0,67.0,99.0,146.0,190.0,263.0,365.0,505.0,16.0,22.0,6.0,31.0,9.0,43.0,12.0
109,Bienne,,,,,,,,,5.0,,,,,,
110,Binn,0.0,0.0,0.0,0.0,0.0,,,,2.0,,,,,,
111,Bioggio,13.0,18.0,25.0,44.0,62.0,92.0,137.0,203.0,2.0,3.0,1.0,4.0,1.0,6.0,2.0
112,Birmensdorf,,,,,,,,,1.0,,,,,,
113,Birmenstorf,,,,,,,,,1.0,,,,,,
114,Birsfelden,9.0,13.0,14.0,18.0,24.0,31.0,40.0,51.0,1.0,1.0,0.0,1.0,0.0,1.0,0.0
115,Bischofszell,10.0,13.0,16.0,28.0,50.0,76.0,115.0,174.0,2.0,3.0,1.0,5.0,2.0,8.0,3.0
116,Bisisthal,,,,,,,,,1.0,,,,,,
117,Bissone,5.0,4.0,4.0,6.0,8.0,9.0,11.0,12.0,1.0,1.0,0.0,1.0,0.0,1.0,0.0
118,Bitsch,0.0,0.0,2.0,3.0,8.0,,,,1.0,,,,,,
119,Bivio,,,,,,,,,2.0,,,,,,
120,Bivio - Surses,,,,,,,,,1.0,,,,,,
121,Bière,0.0,0.0,1.0,2.0,7.0,,,,1.0,,,,,,
122,Blatten bei Naters,,,,,,,,,2.0,,,,,,
123,Blaustein,,,,,,,,,1.0,,,,,,
124,Blonay,13.0,24.0,40.0,59.0,96.0,159.0,263.0,434.0,1.0,2.0,1.0,3.0,1.0,5.0,2.0
125,Bolligen,5.0,8.0,17.0,26.0,41.0,70.0,120.0,204.0,1.0,2.0,1.0,3.0,1.0,5.0,2.0
126,Bonstetten,18.0,21.0,29.0,37.0,70.0,100.0,143.0,204.0,2.0,3.0,1.0,4.0,1.0,6.0,2.0
127,Bosco-Gurin,,,,,,,,,1.0,,,,,,
128,Bossonnens,3.0,8.0,12.0,17.0,23.0,40.0,69.0,120.0,2.0,3.0,1.0,5.0,2.0,9.0,4.0
129,Boswil,6.0,7.0,10.0,15.0,23.0,32.0,46.0,64.0,1.0,1.0,0.0,1.0,0.0,1.0,0.0
130,Bottenwil,3.0,3.0,4.0,7.0,10.0,14.0,19.0,26.0,1.0,1.0,0.0,1.0,0.0,1.0,0.0
131,Bottmingen,12.0,16.0,28.0,42.0,67.0,103.0,160.0,247.0,1.0,2.0,1.0,3.0,1.0,5.0,2.0
132,Botyre,,,,,,,,,1.0,,,,,,
133,Boudevilliers,,,,,,,,,2.0,,,,,,
134,Boudry,11.0,10.0,16.0,23.0,44.0,64.0,94.0,138.0,5.0,7.0,2.0,10.0,3.0,15.0,5.0
135,Bougy-Villars,2.0,3.0,6.0,9.0,10.0,15.0,23.0,36.0,2.0,3.0,1.0,5.0,2.0,8.0,3.0
136,Bourg-St-Pierre,,,,,,,,,1.0,,,,,,
137,Bourg-en-Lavaux,8.0,13.0,27.0,52.0,78.0,139.0,248.0,441.0,2.0,4.0,2.0,7.0,3.0,12.0,5.0
138,Bovernier,2.0,1.0,1.0,1.0,4.0,6.0,11.0,17.0,1.0,2.0,1.0,4.0,2.0,6.0,2.0
139,Brail,,,,,,,,,1.0,,,,,,
140,Bramois,,,,,,,,,2.0,,,,,,
141,Bregaglia (Castasegna),,,,,,,,,1.0,,,,,,
142,Breganzona,,,,,,,,,1.0,,,,,,
143,Breitenbach,6.0,10.0,13.0,15.0,25.0,36.0,52.0,76.0,1.0,1.0,0.0,1.0,0.0,1.0,0.0
144,Bremblens,3.0,4.0,7.0,16.0,24.0,41.0,71.0,122.0,5.0,9.0,4.0,16.0,7.0,27.0,11.0
145,Bremgarten,,,,,,,,,2.0,,,,,,
146,Bretten,,,,,,,,,4.0,,,,,,
147,Bretzwil,0.0,1.0,3.0,2.0,4.0,inf,inf,inf,1.0,inf,inf,,,,
148,Brienz,,,,,,,,,2.0,,,,,,
149,Brig,,,,,,,,,3.0,,,,,,
150,Brig-Glis,18.0,25.0,45.0,50.0,90.0,137.0,209.0,319.0,1.0,2.0,1.0,3.0,1.0,5.0,2.0
151,Brione Verzasca,,,,,,,,,1.0,,,,,,
152,Brione sopra Minusio,4.0,3.0,3.0,6.0,9.0,12.0,16.0,20.0,1.0,1.0,0.0,1.0,0.0,1.0,0.0
153,Brislach,3.0,4.0,5.0,7.0,10.0,14.0,18.0,25.0,1.0,1.0,0.0,1.0,0.0,1.0,0.0
154,Brissago,5.0,5.0,5.0,9.0,12.0,15.0,20.0,25.0,1.0,1.0,0.0,1.0,0.0,1.0,0.0
155,Broc,1.0,0.0,1.0,2.0,9.0,inf,inf,inf,2.0,inf,inf,,,,
156,Brugg,25.0,24.0,61.0,51.0,93.0,143.0,221.0,340.0,4.0,6.0,2.0,9.0,3.0,14.0,5.0
157,Brugg AG,,,,,,,,,1.0,,,,,,
158,Brunnadern,,,,,,,,,1.0,,,,,,
159,Brunnen,,,,,,,,,2.0,,,,,,
160,Brusino Arsizio,0.0,0.0,0.0,1.0,2.0,,,,1.0,,,,,,
161,Brusio,1.0,1.0,1.0,3.0,4.0,6.0,10.0,16.0,2.0,3.0,1.0,5.0,2.0,8.0,3.0
162,Bruzella,,,,,,,,,1.0,,,,,,
163,Brè sopra Lugano,,,,,,,,,1.0,,,,,,
164,Brügg,7.0,8.0,13.0,18.0,29.0,42.0,60.0,87.0,2.0,3.0,1.0,4.0,1.0,6.0,2.0
165,Brüttisellen,,,,,,,,,1.0,,,,,,
166,Buchrain,5.0,6.0,10.0,22.0,40.0,69.0,119.0,204.0,13.0,22.0,9.0,38.0,16.0,65.0,27.0
167,Buchs,,,,,,,,,14.0,,,,,,
168,Buchs AG,,,,,,,,,1.0,,,,,,
169,Budapest,,,,,,,,,1.0,,,,,,
170,Bulle,18.0,19.0,39.0,75.0,158.0,282.0,503.0,898.0,6.0,11.0,5.0,20.0,9.0,36.0,16.0
171,Burgdorf,18.0,26.0,43.0,60.0,97.0,148.0,226.0,346.0,4.0,6.0,2.0,9.0,3.0,14.0,5.0
172,Bursinel,1.0,3.0,3.0,5.0,9.0,17.0,31.0,59.0,1.0,2.0,1.0,4.0,2.0,8.0,4.0
173,Bursins,2.0,2.0,6.0,10.0,18.0,34.0,63.0,117.0,3.0,6.0,3.0,11.0,5.0,20.0,9.0
174,Bussigny,3.0,5.0,10.0,37.0,77.0,182.0,430.0,1015.0,5.0,12.0,7.0,28.0,16.0,66.0,38.0
175,Bussigny VD,,,,,,,,,3.0,,,,,,
176,Bâle Steinen,,,,,,,,,1.0,,,,,,
177,Bäch SZ,,,,,,,,,2.0,,,,,,
178,Bärau,,,,,,,,,2.0,,,,,,
179,Bôle,,,,,,,,,1.0,,,,,,
180,Böckten,4.0,8.0,10.0,12.0,15.0,21.0,30.0,43.0,1.0,1.0,0.0,1.0,0.0,1.0,0.0
181,Bösingen,2.0,3.0,8.0,15.0,24.0,46.0,88.0,167.0,2.0,4.0,2.0,8.0,4.0,15.0,7.0
182,Bözen,0.0,2.0,1.0,2.0,8.0,inf,inf,inf,1.0,inf,inf,,,,
183,Büetigen,1.0,1.0,2.0,6.0,13.0,27.0,54.0,111.0,1.0,2.0,1.0,4.0,2.0,8.0,4.0
184,Bülach,32.0,49.0,74.0,92.0,151.0,224.0,331.0,491.0,2.0,3.0,1.0,4.0,1.0,6.0,2.0
185,Büren an der Aare,5.0,8.0,11.0,11.0,17.0,23.0,32.0,45.0,2.0,3.0,1.0,4.0,1.0,6.0,2.0
186,Büsum,,,,,,,,,2.0,,,,,,
187,Cadempino,3.0,2.0,5.0,13.0,16.0,28.0,49.0,86.0,3.0,5.0,2.0,9.0,4.0,16.0,7.0
188,Cadro,,,,,,,,,1.0,,,,,,
189,Cagiallo,,,,,,,,,1.0,,,,,,
190,Camorino,,,,,,,,,3.0,,,,,,
191,Campello,,,,,,,,,1.0,,,,,,
192,Carona,,,,,,,,,1.0,,,,,,
193,Carouge,,,,,,,,,3.0,,,,,,
194,Caslano,2.0,5.0,5.0,7.0,16.0,29.0,52.0,93.0,1.0,2.0,1.0,4.0,2.0,7.0,3.0
195,Castel S. Pietro,,,,,,,,,1.0,,,,,,
196,Castione,,,,,,,,,3.0,,,,,,
197,Celerina/Schlarigna,4.0,3.0,6.0,9.0,11.0,15.0,21.0,28.0,3.0,4.0,1.0,6.0,2.0,8.0,2.0
198,Cernier,,,,,,,,,2.0,,,,,,
199,Cevio,1.0,1.0,3.0,7.0,10.0,19.0,38.0,73.0,1.0,2.0,1.0,4.0,2.0,8.0,4.0
200,Chailly-Montreux,,,,,,,,,1.0,,,,,,
201,Chalais,3.0,4.0,6.0,11.0,28.0,50.0,91.0,164.0,1.0,2.0,1.0,4.0,2.0,7.0,3.0
202,Cham,68.0,175.0,100.0,241.0,577.0,1147.0,2279.0,4529.0,16.0,32.0,16.0,64.0,32.0,127.0,63.0
203,Chamoson,5.0,10.0,18.0,23.0,49.0,88.0,159.0,287.0,3.0,5.0,2.0,9.0,4.0,16.0,7.0
204,Champagne,1.0,3.0,5.0,14.0,21.0,47.0,106.0,237.0,2.0,4.0,2.0,9.0,5.0,20.0,11.0
205,Champfèr,,,,,,,,,1.0,,,,,,
206,Champéry,0.0,1.0,2.0,3.0,9.0,inf,inf,inf,2.0,inf,inf,,,,
207,Chandolin,,,,,,,,,1.0,,,,,,
208,Chardonne,8.0,9.0,19.0,31.0,42.0,65.0,102.0,158.0,1.0,2.0,1.0,3.0,1.0,5.0,2.0
209,Charmey,,,,,,,,,2.0,,,,,,
210,Chatelaine,,,,,,,,,1.0,,,,,,
211,Chavannes-de-Bogis,2.0,3.0,4.0,10.0,19.0,34.0,62.0,112.0,3.0,5.0,2.0,9.0,4.0,16.0,7.0
212,Chavannes-près-Renens,2.0,4.0,5.0,7.0,14.0,23.0,39.0,64.0,1.0,2.0,1.0,3.0,1.0,5.0,2.0
213,Chavornay,0.0,2.0,8.0,18.0,36.0,inf,inf,inf,1.0,inf,inf,,,,
214,Cheseaux sur Lausanne,,,,,,,,,2.0,,,,,,
215,Cheseaux-sur-Lausanne,5.0,7.0,14.0,23.0,43.0,74.0,128.0,222.0,3.0,5.0,2.0,9.0,4.0,16.0,7.0
216,Chevroux,1.0,1.0,2.0,4.0,7.0,12.0,20.0,34.0,1.0,2.0,1.0,3.0,1.0,5.0,2.0
217,Chexbres,3.0,9.0,8.0,15.0,21.0,38.0,67.0,121.0,2.0,4.0,2.0,7.0,3.0,13.0,6.0
218,Cheyres,,,,,,,,,1.0,,,,,,
219,Chiasso,14.0,16.0,23.0,30.0,42.0,55.0,73.0,97.0,5.0,7.0,2.0,9.0,2.0,12.0,3.0
220,Chiggiogna,,,,,,,,,1.0,,,,,,
221,Chur,47.0,68.0,100.0,169.0,304.0,487.0,780.0,1249.0,13.0,21.0,8.0,34.0,13.0,54.0,20.0
222,Churwalden,0.0,1.0,2.0,4.0,12.0,inf,inf,inf,1.0,inf,inf,,,,
223,Château-d'Oex,4.0,4.0,7.0,4.0,15.0,27.0,47.0,83.0,1.0,2.0,1.0,3.0,1.0,5.0,2.0
224,Château-d’Œx,,,,,,,,,1.0,,,,,,
225,Châtel-Saint-Denis,7.0,9.0,15.0,25.0,54.0,92.0,155.0,263.0,2.0,3.0,1.0,5.0,2.0,8.0,3.0
226,Châtel-St-Denis,,,,,,,,,2.0,,,,,,
227,Châtelaine,,,,,,,,,4.0,,,,,,
228,Chêne-Bougeries,24.0,24.0,46.0,74.0,105.0,156.0,232.0,345.0,1.0,1.0,0.0,1.0,0.0,1.0,0.0
229,Chêne-Bourg,6.0,7.0,6.0,16.0,30.0,49.0,81.0,133.0,2.0,3.0,1.0,5.0,2.0,8.0,3.0
230,Claro,,,,,,,,,1.0,,,,,,
231,Cointrin,,,,,,,,,1.0,,,,,,
232,Coldrerio,4.0,5.0,7.0,17.0,21.0,33.0,52.0,83.0,1.0,2.0,1.0,3.0,1.0,5.0,2.0
233,Collombey,,,,,,,,,1.0,,,,,,
234,Collombey-Muraz,10.0,11.0,13.0,26.0,60.0,99.0,163.0,268.0,2.0,3.0,1.0,5.0,2.0,8.0,3.0
235,Collonge-Bellerive,28.0,33.0,45.0,66.0,105.0,147.0,206.0,288.0,1.0,1.0,0.0,1.0,0.0,1.0,0.0
236,Cologny,22.0,23.0,35.0,56.0,88.0,126.0,181.0,260.0,3.0,4.0,1.0,6.0,2.0,9.0,3.0
237,Colombier,,,,,,,,,1.0,,,,,,
238,Comano,14.0,12.0,14.0,18.0,28.0,34.0,41.0,50.0,1.0,1.0,0.0,1.0,0.0,1.0,0.0
239,Conthey,7.0,12.0,20.0,32.0,69.0,123.0,220.0,392.0,12.0,21.0,9.0,38.0,17.0,68.0,30.0
240,Corbières,3.0,4.0,5.0,11.0,17.0,27.0,43.0,67.0,1.0,2.0,1.0,3.0,1.0,5.0,2.0
241,Corcelles,,,,,,,,,1.0,,,,,,
242,Corcelles près Payerne,,,,,,,,,1.0,,,,,,
243,Corcelles-Cormondrèche,,,,,,,,,1.0,,,,,,
244,Corgémont,2.0,2.0,4.0,9.0,13.0,22.0,36.0,61.0,1.0,2.0,1.0,3.0,1.0,5.0,2.0
245,Corminboeuf,1.0,2.0,7.0,14.0,32.0,78.0,192.0,469.0,2.0,5.0,3.0,12.0,7.0,29.0,17.0
246,Cornaux,0.0,0.0,2.0,1.0,11.0,,,,1.0,,,,,,
247,Cortaillod,5.0,10.0,18.0,29.0,45.0,78.0,136.0,237.0,3.0,5.0,2.0,9.0,4.0,16.0,7.0
248,Cossonay-Ville,,,,,,,,,2.0,,,,,,
249,Courgevaux,3.0,3.0,4.0,7.0,15.0,23.0,36.0,57.0,4.0,6.0,2.0,9.0,3.0,14.0,5.0
250,Courrendlin,4.0,7.0,7.0,14.0,23.0,37.0,59.0,94.0,1.0,2.0,1.0,3.0,1.0,5.0,2.0
251,Courroux,2.0,2.0,4.0,6.0,19.0,36.0,70.0,134.0,1.0,2.0,1.0,4.0,2.0,8.0,4.0
252,Courtelary,2.0,2.0,4.0,5.0,10.0,16.0,24.0,38.0,2.0,3.0,1.0,4.0,1.0,6.0,2.0
253,Couvet,,,,,,,,,1.0,,,,,,
254,Crans-Montana,24.0,26.0,39.0,43.0,81.0,113.0,157.0,219.0,10.0,14.0,4.0,19.0,5.0,27.0,8.0
255,Cressier,,,,,,,,,1.0,,,,,,
256,Crissier,11.0,14.0,31.0,52.0,81.0,136.0,229.0,384.0,8.0,13.0,5.0,22.0,9.0,37.0,15.0
257,Cudrefin,3.0,2.0,3.0,10.0,19.0,35.0,65.0,120.0,1.0,2.0,1.0,4.0,2.0,7.0,3.0
258,Cully,,,,,,,,,3.0,,,,,,
259,Dallenwil,2.0,4.0,2.0,7.0,15.0,31.0,62.0,127.0,1.0,2.0,1.0,4.0,2.0,8.0,4.0
260,Davos,13.0,17.0,29.0,37.0,55.0,79.0,115.0,166.0,12.0,17.0,5.0,25.0,8.0,36.0,11.0
261,Davos Dorf,,,,,,,,,2.0,,,,,,
262,Davos Platz,,,,,,,,,4.0,,,,,,
263,Davos-Platz,,,,,,,,,1.0,,,,,,
264,Deitingen,5.0,6.0,14.0,18.0,27.0,43.0,67.0,106.0,1.0,2.0,1.0,3.0,1.0,5.0,2.0
265,Delémont,10.0,15.0,23.0,46.0,87.0,151.0,261.0,451.0,10.0,17.0,7.0,29.0,12.0,50.0,21.0
266,Derendingen,9.0,12.0,17.0,16.0,24.0,31.0,40.0,52.0,2.0,3.0,1.0,4.0,1.0,5.0,1.0
267,Develier,2.0,2.0,3.0,8.0,20.0,38.0,73.0,141.0,3.0,6.0,3.0,12.0,6.0,23.0,11.0
268,Dielsdorf,375.0,738.0,297.0,240.0,208.0,210.0,213.0,215.0,2.0,2.0,0.0,2.0,0.0,2.0,0.0
269,Diepoldsau,6.0,10.0,21.0,31.0,55.0,96.0,169.0,297.0,1.0,2.0,1.0,4.0,2.0,7.0,3.0
270,Dierikon,5.0,5.0,5.0,9.0,15.0,20.0,28.0,38.0,1.0,1.0,0.0,1.0,0.0,1.0,0.0
271,Diessenhofen,6.0,8.0,11.0,21.0,28.0,42.0,62.0,92.0,1.0,2.0,1.0,3.0,1.0,4.0,1.0
272,Dietikon,42.0,53.0,65.0,111.0,150.0,208.0,288.0,400.0,10.0,14.0,4.0,19.0,5.0,26.0,7.0
273,Dietlikon,34.0,45.0,54.0,54.0,98.0,131.0,175.0,233.0,1.0,1.0,0.0,1.0,0.0,1.0,0.0
274,Dintikon,9.0,8.0,10.0,22.0,33.0,48.0,70.0,103.0,4.0,6.0,2.0,9.0,3.0,13.0,4.0
275,Disentis,,,,,,,,,2.0,,,,,,
276,Disentis/Mustér,0.0,2.0,5.0,7.0,13.0,inf,inf,inf,1.0,inf,inf,,,,
277,Domdidier,,,,,,,,,1.0,,,,,,
278,Donauwörth,,,,,,,,,2.0,,,,,,
279,Dornach,13.0,19.0,31.0,46.0,79.0,124.0,196.0,308.0,1.0,2.0,1.0,3.0,1.0,5.0,2.0
280,Dornstadt,,,,,,,,,1.0,,,,,,
281,Dorénaz,0.0,0.0,1.0,3.0,5.0,,,,1.0,,,,,,
282,Dottikon,6.0,9.0,13.0,20.0,39.0,63.0,101.0,162.0,2.0,3.0,1.0,5.0,2.0,8.0,3.0
283,Duggingen,2.0,2.0,7.0,10.0,15.0,28.0,52.0,96.0,1.0,2.0,1.0,4.0,2.0,7.0,3.0
284,Däniken,2.0,3.0,8.0,13.0,24.0,46.0,88.0,167.0,1.0,2.0,1.0,4.0,2.0,8.0,4.0
285,Döttingen,11.0,14.0,19.0,24.0,30.0,39.0,50.0,64.0,1.0,1.0,0.0,1.0,0.0,1.0,0.0
286,Dübendorf,51.0,81.0,113.0,170.0,283.0,435.0,670.0,1030.0,2.0,3.0,1.0,5.0,2.0,8.0,3.0
287,Düdingen,17.0,21.0,32.0,42.0,68.0,97.0,138.0,196.0,1.0,1.0,0.0,1.0,0.0,1.0,0.0
288,Dürnten,21.0,34.0,55.0,71.0,98.0,145.0,214.0,316.0,1.0,1.0,0.0,1.0,0.0,1.0,0.0
289,Ebikon,20.0,28.0,40.0,65.0,103.0,155.0,235.0,354.0,3.0,5.0,2.0,8.0,3.0,12.0,4.0
290,Ebmatingen,,,,,,,,,1.0,,,,,,
291,Ebnat-Kappel,6.0,7.0,13.0,20.0,43.0,72.0,121.0,203.0,2.0,3.0,1.0,5.0,2.0,8.0,3.0
292,Echallens,4.0,6.0,11.0,22.0,42.0,76.0,138.0,249.0,2.0,4.0,2.0,7.0,3.0,13.0,6.0
293,Echandens,3.0,3.0,4.0,12.0,27.0,51.0,97.0,184.0,1.0,2.0,1.0,4.0,2.0,8.0,4.0
294,Eclépens,2.0,2.0,3.0,8.0,9.0,14.0,22.0,35.0,1.0,2.0,1.0,3.0,1.0,5.0,2.0
295,Ecublens,,,,,,,,,3.0,,,,,,
296,Ecuvillens,,,,,,,,,2.0,,,,,,
297,Egerkingen,4.0,4.0,7.0,11.0,27.0,46.0,77.0,131.0,2.0,3.0,1.0,5.0,2.0,9.0,4.0
298,Eggiwil,0.0,0.0,0.0,1.0,2.0,,,,1.0,,,,,,
299,Egnach,7.0,8.0,14.0,23.0,44.0,71.0,114.0,184.0,1.0,2.0,1.0,3.0,1.0,5.0,2.0
300,Egolzwil,5.0,6.0,8.0,12.0,18.0,25.0,34.0,48.0,1.0,1.0,0.0,1.0,0.0,1.0,0.0
301,Eich,7.0,10.0,16.0,23.0,35.0,52.0,78.0,117.0,1.0,1.0,0.0,2.0,1.0,3.0,1.0
302,Eichstätt,,,,,,,,,1.0,,,,,,
303,Einsiedeln,37.0,50.0,67.0,100.0,138.0,192.0,267.0,371.0,1.0,1.0,0.0,1.0,0.0,1.0,0.0
304,Eison,,,,,,,,,1.0,,,,,,
305,Elm,,,,,,,,,2.0,,,,,,
306,Elsau,8.0,9.0,16.0,16.0,27.0,38.0,53.0,74.0,2.0,3.0,1.0,4.0,1.0,6.0,2.0
307,Elsdorf,,,,,,,,,2.0,,,,,,
308,Embrach,20.0,26.0,39.0,54.0,89.0,130.0,189.0,276.0,1.0,1.0,0.0,1.0,0.0,1.0,0.0
309,Emmen,29.0,37.0,57.0,71.0,134.0,199.0,296.0,441.0,4.0,6.0,2.0,9.0,3.0,13.0,4.0
310,Emmetten,3.0,3.0,4.0,10.0,11.0,16.0,24.0,36.0,1.0,1.0,0.0,2.0,1.0,3.0,1.0
311,Engelberg,8.0,13.0,13.0,16.0,26.0,36.0,49.0,67.0,3.0,4.0,1.0,5.0,1.0,7.0,2.0
312,Ennenda,,,,,,,,,2.0,,,,,,
313,Ennetmoos,7.0,8.0,12.0,15.0,16.0,20.0,25.0,30.0,1.0,1.0,0.0,1.0,0.0,1.0,0.0
314,Epagny,,,,,,,,,1.0,,,,,,
315,Epalinges,16.0,23.0,27.0,55.0,100.0,162.0,261.0,423.0,2.0,3.0,1.0,5.0,2.0,8.0,3.0
316,Eppingen Richen,,,,,,,,,2.0,,,,,,
317,Erlenbach,,,,,,,,,2.0,,,,,,
318,Erlinsbach AG,,,,,,,,,1.0,,,,,,
319,Erlinsbach SO,,,,,,,,,1.0,,,,,,
320,Ermatingen,10.0,13.0,25.0,38.0,70.0,115.0,190.0,312.0,1.0,2.0,1.0,3.0,1.0,5.0,2.0
321,Ernen,2.0,2.0,4.0,5.0,6.0,8.0,11.0,15.0,1.0,1.0,0.0,1.0,0.0,1.0,0.0
322,Erstfeld,6.0,6.0,8.0,8.0,14.0,18.0,23.0,29.0,4.0,5.0,1.0,6.0,1.0,8.0,2.0
323,Eschenbach,,,,,,,,,2.0,,,,,,
324,Escholzmatt,,,,,,,,,2.0,,,,,,
325,Estavayer,,,,,,,,,1.0,,,,,,
326,Estavayer-le-Lac,,,,,,,,,6.0,,,,,,
327,Etagnières,2.0,3.0,5.0,9.0,15.0,25.0,41.0,68.0,1.0,2.0,1.0,3.0,1.0,5.0,2.0
328,Etoy,3.0,7.0,12.0,22.0,38.0,72.0,137.0,261.0,4.0,8.0,4.0,15.0,7.0,29.0,14.0
329,Ettingen,7.0,8.0,13.0,17.0,29.0,42.0,61.0,88.0,1.0,1.0,0.0,1.0,0.0,1.0,0.0
330,Evolène,5.0,6.0,11.0,12.0,17.0,24.0,33.0,45.0,2.0,3.0,1.0,4.0,1.0,5.0,1.0
331,Eyholz,,,,,,,,,2.0,,,,,,
332,Fahrwangen,2.0,6.0,9.0,17.0,21.0,40.0,76.0,145.0,1.0,2.0,1.0,4.0,2.0,8.0,4.0
333,Fahrweid,,,,,,,,,2.0,,,,,,
334,Faido,1.0,1.0,1.0,11.0,20.0,74.0,274.0,1017.0,1.0,4.0,3.0,15.0,11.0,56.0,41.0
335,Falera,1.0,0.0,2.0,3.0,4.0,inf,inf,inf,2.0,inf,inf,,,,
336,Feldbrunnen,,,,,,,,,1.0,,,,,,
337,Fenil-sur-Corsier,,,,,,,,,1.0,,,,,,
338,Feuerthalen,10.0,15.0,16.0,22.0,32.0,43.0,58.0,79.0,1.0,1.0,0.0,1.0,0.0,1.0,0.0
339,Fiesch,6.0,6.0,7.0,8.0,11.0,13.0,15.0,18.0,1.0,1.0,0.0,1.0,0.0,1.0,0.0
340,Figino,,,,,,,,,1.0,,,,,,
341,Fischenthal,2.0,4.0,7.0,14.0,20.0,36.0,64.0,116.0,1.0,2.0,1.0,4.0,2.0,7.0,3.0
342,Flamatt,,,,,,,,,1.0,,,,,,
343,Flawil,17.0,20.0,30.0,37.0,64.0,90.0,127.0,179.0,5.0,7.0,2.0,10.0,3.0,14.0,4.0
344,Fleurier,,,,,,,,,3.0,,,,,,
345,Flumenthal,2.0,2.0,2.0,2.0,3.0,3.0,4.0,4.0,1.0,1.0,0.0,1.0,0.0,1.0,0.0
346,Flums,6.0,8.0,11.0,19.0,29.0,43.0,64.0,96.0,4.0,6.0,2.0,9.0,3.0,14.0,5.0
347,Flumserberg Tannenboden,,,,,,,,,1.0,,,,,,
348,Fläsch,5.0,7.0,10.0,12.0,15.0,20.0,26.0,34.0,1.0,1.0,0.0,1.0,0.0,1.0,0.0
349,Flüelen,1.0,2.0,4.0,8.0,13.0,25.0,47.0,90.0,2.0,4.0,2.0,8.0,4.0,15.0,7.0
350,Flühli,1.0,1.0,1.0,5.0,7.0,15.0,31.0,65.0,2.0,4.0,2.0,8.0,4.0,17.0,9.0
351,Forel (Lavaux),1.0,1.0,6.0,12.0,23.0,63.0,171.0,468.0,1.0,3.0,2.0,8.0,5.0,22.0,14.0
352,Founex,8.0,14.0,30.0,40.0,61.0,103.0,174.0,293.0,1.0,2.0,1.0,3.0,1.0,5.0,2.0
353,Frauenfeld,57.0,70.0,116.0,172.0,267.0,395.0,585.0,866.0,10.0,15.0,5.0,22.0,7.0,33.0,11.0
354,Frauenkappelen,0.0,0.0,3.0,6.0,13.0,,,,2.0,,,,,,
355,Freienbach,71.0,99.0,144.0,228.0,301.0,433.0,623.0,895.0,1.0,1.0,0.0,1.0,0.0,1.0,0.0
356,Fribourg,26.0,35.0,57.0,88.0,135.0,204.0,309.0,468.0,11.0,17.0,6.0,26.0,9.0,39.0,13.0
357,Frick,12.0,11.0,15.0,27.0,56.0,86.0,133.0,204.0,4.0,6.0,2.0,9.0,3.0,14.0,5.0
358,Frutigen,14.0,17.0,28.0,38.0,55.0,78.0,110.0,156.0,1.0,1.0,0.0,1.0,0.0,1.0,0.0
359,Fuldera,,,,,,,,,1.0,,,,,,
360,Fully,6.0,8.0,15.0,21.0,59.0,109.0,203.0,376.0,2.0,4.0,2.0,7.0,3.0,13.0,6.0
361,Furna,0.0,0.0,0.0,0.0,0.0,,,,1.0,,,,,,
362,Furth,,,,,,,,,20.0,,,,,,
363,Fällanden,22.0,28.0,34.0,64.0,100.0,148.0,220.0,326.0,1.0,1.0,0.0,1.0,0.0,1.0,0.0
364,Féchy,1.0,1.0,1.0,4.0,13.0,30.0,70.0,161.0,1.0,2.0,1.0,5.0,3.0,12.0,7.0
365,Fürstenau,0.0,1.0,2.0,2.0,3.0,inf,inf,inf,1.0,inf,inf,,,,
366,Gais,5.0,5.0,13.0,17.0,24.0,38.0,60.0,95.0,4.0,6.0,2.0,9.0,3.0,14.0,5.0
367,Galgenen,5.0,5.0,14.0,25.0,38.0,68.0,120.0,213.0,1.0,2.0,1.0,4.0,2.0,7.0,3.0
368,Gambarogno,12.0,14.0,21.0,33.0,53.0,77.0,113.0,165.0,1.0,1.0,0.0,1.0,0.0,1.0,0.0
369,Gams,8.0,14.0,20.0,26.0,41.0,62.0,94.0,142.0,2.0,3.0,1.0,5.0,2.0,8.0,3.0
370,Gebenstorf,9.0,10.0,17.0,29.0,45.0,68.0,104.0,157.0,1.0,2.0,1.0,3.0,1.0,5.0,2.0
371,Genestrerio,,,,,,,,,1.0,,,,,,
372,Genolier,5.0,6.0,13.0,26.0,37.0,63.0,107.0,181.0,4.0,7.0,3.0,12.0,5.0,20.0,8.0
373,Gentilino,,,,,,,,,2.0,,,,,,
374,Genève,175.0,223.0,317.0,481.0,713.0,1015.0,1446.0,2058.0,44.0,63.0,19.0,90.0,27.0,128.0,38.0
375,Genève 26,,,,,,,,,3.0,,,,,,
376,Gerlafingen,6.0,10.0,15.0,16.0,32.0,50.0,78.0,121.0,2.0,3.0,1.0,5.0,2.0,8.0,3.0
377,Geroldswil,12.0,16.0,28.0,36.0,53.0,77.0,113.0,165.0,1.0,1.0,0.0,1.0,0.0,1.0,0.0
378,Gersau,1.0,3.0,5.0,12.0,21.0,46.0,102.0,225.0,1.0,2.0,1.0,4.0,2.0,9.0,5.0
379,Gilly,2.0,2.0,4.0,11.0,17.0,31.0,57.0,103.0,1.0,2.0,1.0,4.0,2.0,7.0,3.0
380,Giswil,2.0,4.0,9.0,14.0,22.0,41.0,75.0,138.0,1.0,2.0,1.0,4.0,2.0,7.0,3.0
381,Giubiasco,,,,,,,,,9.0,,,,,,
382,Givisiez,7.0,5.0,6.0,13.0,23.0,34.0,49.0,72.0,1.0,1.0,0.0,1.0,0.0,1.0,0.0
383,Gland,17.0,21.0,36.0,82.0,112.0,185.0,304.0,502.0,6.0,10.0,4.0,16.0,6.0,26.0,10.0
384,Glarus,16.0,23.0,29.0,46.0,76.0,113.0,167.0,248.0,7.0,10.0,3.0,15.0,5.0,22.0,7.0
385,Glarus Süd,16.0,19.0,28.0,39.0,75.0,112.0,167.0,250.0,2.0,3.0,1.0,4.0,1.0,6.0,2.0
386,Glion,,,,,,,,,1.0,,,,,,
387,Glis,,,,,,,,,1.0,,,,,,
388,Glovelier,,,,,,,,,1.0,,,,,,
389,Goldach,17.0,19.0,25.0,43.0,66.0,94.0,133.0,190.0,3.0,4.0,1.0,6.0,2.0,9.0,3.0
390,Gommiswald,11.0,12.0,17.0,34.0,59.0,92.0,144.0,224.0,2.0,3.0,1.0,5.0,2.0,8.0,3.0
391,Gondo,,,,,,,,,1.0,,,,,,
392,Gonten,1.0,2.0,3.0,6.0,11.0,20.0,37.0,68.0,1.0,2.0,1.0,4.0,2.0,7.0,3.0
393,Gontenbad,,,,,,,,,1.0,,,,,,
394,Gordevio,,,,,,,,,1.0,,,,,,
395,Gordola,4.0,5.0,11.0,19.0,49.0,95.0,184.0,357.0,1.0,2.0,1.0,4.0,2.0,8.0,4.0
396,Gossau,,,,,,,,,2.0,,,,,,
397,Gossau SG,,,,,,,,,2.0,,,,,,
398,Grabs,11.0,18.0,26.0,42.0,54.0,81.0,121.0,181.0,1.0,2.0,1.0,3.0,1.0,4.0,1.0
399,Grancia,2.0,3.0,4.0,1.0,3.0,5.0,7.0,11.0,1.0,2.0,1.0,3.0,1.0,5.0,2.0
400,Grand-Lancy,,,,,,,,,1.0,,,,,,
401,Grandson,4.0,6.0,10.0,21.0,34.0,59.0,101.0,173.0,2.0,3.0,1.0,5.0,2.0,9.0,4.0
402,Granges,,,,,,,,,2.0,,,,,,
403,Granges-Paccot,11.0,11.0,15.0,24.0,41.0,58.0,82.0,117.0,4.0,6.0,2.0,8.0,2.0,11.0,3.0
404,Gravesano,1.0,2.0,4.0,9.0,13.0,25.0,48.0,93.0,2.0,4.0,2.0,8.0,4.0,16.0,8.0
405,Grellingen,2.0,7.0,9.0,11.0,16.0,30.0,56.0,104.0,1.0,2.0,1.0,4.0,2.0,7.0,3.0
406,Grenchen,18.0,24.0,43.0,49.0,77.0,112.0,164.0,239.0,2.0,3.0,1.0,4.0,1.0,6.0,2.0
407,Grengiols,2.0,3.0,3.0,3.0,3.0,3.0,4.0,4.0,1.0,1.0,0.0,1.0,0.0,1.0,0.0
408,Grimentz,,,,,,,,,1.0,,,,,,
409,Grimisuat,3.0,6.0,13.0,16.0,34.0,64.0,120.0,226.0,1.0,2.0,1.0,4.0,2.0,8.0,4.0
410,Grindel,0.0,0.0,0.0,2.0,7.0,,,,1.0,,,,,,
411,Grindelwald,3.0,1.0,5.0,9.0,17.0,38.0,86.0,195.0,2.0,4.0,2.0,9.0,5.0,20.0,11.0
412,Gruyères,1.0,1.0,4.0,6.0,9.0,18.0,36.0,72.0,1.0,2.0,1.0,4.0,2.0,8.0,4.0
413,Gryon,1.0,2.0,2.0,3.0,7.0,12.0,20.0,35.0,2.0,3.0,1.0,5.0,2.0,9.0,4.0
414,Gränichen,12.0,13.0,22.0,33.0,54.0,80.0,118.0,174.0,3.0,4.0,1.0,6.0,2.0,9.0,3.0
415,Grône,1.0,1.0,1.0,3.0,13.0,30.0,71.0,165.0,1.0,2.0,1.0,5.0,3.0,12.0,7.0
416,Gstaad,,,,,,,,,4.0,,,,,,
417,Gsteigwiler,1.0,1.0,1.0,2.0,2.0,2.0,3.0,4.0,1.0,1.0,0.0,2.0,1.0,3.0,1.0
418,Guarda,,,,,,,,,1.0,,,,,,
419,Gudo,,,,,,,,,1.0,,,,,,
420,Gumefens,,,,,,,,,1.0,,,,,,
421,Gunten,,,,,,,,,1.0,,,,,,
422,Gunzwil,,,,,,,,,1.0,,,,,,
423,Gurten,,,,,,,,,3.0,,,,,,
424,Gwatt,,,,,,,,,4.0,,,,,,
425,Gwatt (Thun),,,,,,,,,7.0,,,,,,
426,Gähwil,,,,,,,,,1.0,,,,,,
427,Gümligen,,,,,,,,,1.0,,,,,,
428,Güttingen,3.0,5.0,8.0,11.0,24.0,41.0,70.0,119.0,1.0,2.0,1.0,3.0,1.0,5.0,2.0
429,Haag,,,,,,,,,1.0,,,,,,
430,Hagneck Hagneck,,,,,,,,,1.0,,,,,,
431,"Haifa, Matam",,,,,,,,,1.0,,,,,,
432,Halblech,,,,,,,,,1.0,,,,,,
433,Handgruobi,,,,,,,,,4.0,,,,,,
434,Harsefeld,,,,,,,,,2.0,,,,,,
435,Haute-Nendaz,,,,,,,,,1.0,,,,,,
436,Hauterive,2.0,1.0,2.0,4.0,8.0,13.0,21.0,34.0,2.0,3.0,1.0,5.0,2.0,8.0,3.0
437,Heiden,9.0,9.0,11.0,17.0,30.0,41.0,57.0,79.0,1.0,1.0,0.0,1.0,0.0,1.0,0.0
438,Heimberg,12.0,13.0,20.0,28.0,47.0,67.0,95.0,136.0,1.0,1.0,0.0,1.0,0.0,1.0,0.0
439,Heimberg Heimberg,,,,,,,,,2.0,,,,,,
440,Hellbühl,,,,,,,,,1.0,,,,,,
441,Henggart,7.0,13.0,18.0,22.0,37.0,57.0,87.0,134.0,1.0,2.0,1.0,3.0,1.0,5.0,2.0
442,Hergiswil,,,,,,,,,1.0,,,,,,
443,Hergiswil bei Willisau,0.0,1.0,2.0,3.0,10.0,inf,inf,inf,1.0,inf,inf,,,,
444,Herisau,38.0,43.0,62.0,78.0,111.0,146.0,192.0,252.0,4.0,5.0,1.0,7.0,2.0,9.0,2.0
445,Hermetschwil-Staffeln,,,,,,,,,1.0,,,,,,
446,Herrliberg,23.0,28.0,48.0,71.0,96.0,138.0,199.0,287.0,1.0,1.0,0.0,1.0,0.0,1.0,0.0
447,Hessigkofen,,,,,,,,,2.0,,,,,,
448,Hindelbank,2.0,2.0,6.0,7.0,16.0,30.0,56.0,103.0,1.0,2.0,1.0,4.0,2.0,7.0,3.0
449,Hinwil,38.0,50.0,61.0,79.0,125.0,169.0,229.0,310.0,4.0,5.0,1.0,7.0,2.0,9.0,2.0
450,Hirschthal,6.0,6.0,7.0,17.0,25.0,38.0,57.0,87.0,1.0,2.0,1.0,3.0,1.0,5.0,2.0
451,Hitzkirch Hitzkirch,,,,,,,,,1.0,,,,,,
452,Hochdorf,12.0,12.0,22.0,37.0,65.0,102.0,160.0,251.0,3.0,5.0,2.0,8.0,3.0,13.0,5.0
453,Hofstetten,,,,,,,,,2.0,,,,,,
454,Hohenzell,,,,,,,,,1.0,,,,,,
455,Holderbank,,,,,,,,,1.0,,,,,,
456,Holziken,1.0,1.0,3.0,6.0,12.0,24.0,48.0,96.0,1.0,2.0,1.0,4.0,2.0,8.0,4.0
457,Horgen,42.0,53.0,99.0,166.0,271.0,436.0,702.0,1130.0,1.0,2.0,1.0,3.0,1.0,5.0,2.0
458,Horn,3.0,3.0,4.0,8.0,18.0,30.0,49.0,80.0,1.0,2.0,1.0,3.0,1.0,5.0,2.0
459,Horw,33.0,40.0,48.0,70.0,114.0,157.0,215.0,296.0,2.0,3.0,1.0,4.0,1.0,6.0,2.0
460,Hunzenschwil,6.0,8.0,10.0,20.0,33.0,51.0,80.0,125.0,2.0,3.0,1.0,5.0,2.0,8.0,3.0
461,Hägendorf,11.0,12.0,21.0,37.0,52.0,78.0,117.0,176.0,1.0,2.0,1.0,3.0,1.0,5.0,2.0
462,Hérémence,1.0,1.0,1.0,2.0,7.0,13.0,25.0,46.0,2.0,4.0,2.0,8.0,4.0,15.0,7.0
463,Hünenberg,25.0,30.0,51.0,76.0,125.0,189.0,285.0,429.0,2.0,3.0,1.0,5.0,2.0,8.0,3.0
464,Ibach,,,,,,,,,1.0,,,,,,
465,Icogne,0.0,0.0,3.0,4.0,7.0,,,,1.0,,,,,,
466,Ilanz,,,,,,,,,2.0,,,,,,
467,Illgau,1.0,1.0,0.0,0.0,0.0,,,,1.0,,,,,,
468,Illnau-Effretikon,40.0,46.0,67.0,96.0,134.0,182.0,247.0,336.0,2.0,3.0,1.0,4.0,1.0,5.0,1.0
469,Ilnau,,,,,,,,,1.0,,,,,,
470,Immensee,,,,,,,,,1.0,,,,,,
471,Inden,0.0,0.0,0.0,0.0,0.0,,,,1.0,,,,,,
472,Ingolstadt,,,,,,,,,2.0,,,,,,
473,Interlaken,9.0,11.0,28.0,41.0,51.0,83.0,134.0,216.0,11.0,18.0,7.0,29.0,11.0,47.0,18.0
474,Inwil,1.0,1.0,3.0,6.0,17.0,38.0,83.0,183.0,3.0,7.0,4.0,15.0,8.0,33.0,18.0
475,Ittigen,22.0,20.0,30.0,29.0,57.0,76.0,102.0,136.0,3.0,4.0,1.0,5.0,1.0,7.0,2.0
476,Jaun,1.0,1.0,1.0,1.0,3.0,4.0,7.0,10.0,1.0,1.0,0.0,2.0,1.0,3.0,1.0
477,Jegenstorf,11.0,17.0,25.0,34.0,48.0,69.0,100.0,145.0,1.0,1.0,0.0,1.0,0.0,1.0,0.0
478,Jona,,,,,,,,,1.0,,,,,,
479,Jona SG,,,,,,,,,2.0,,,,,,
480,Jork,,,,,,,,,1.0,,,,,,
481,Kaiseraugst,6.0,9.0,19.0,27.0,41.0,67.0,110.0,180.0,2.0,3.0,1.0,5.0,2.0,8.0,3.0
482,Kaisten,3.0,4.0,11.0,18.0,28.0,51.0,93.0,168.0,1.0,2.0,1.0,4.0,2.0,7.0,3.0
483,Kallnach,2.0,3.0,4.0,10.0,17.0,30.0,53.0,92.0,1.0,2.0,1.0,4.0,2.0,7.0,3.0
484,Kaltbrunn,9.0,12.0,16.0,28.0,42.0,62.0,92.0,136.0,1.0,1.0,0.0,1.0,0.0,1.0,0.0
485,Kamenz,,,,,,,,,2.0,,,,,,
486,Kandergrund,0.0,0.0,0.0,0.0,1.0,,,,1.0,,,,,,
487,Kaufdorf,2.0,4.0,6.0,5.0,6.0,8.0,11.0,16.0,1.0,1.0,0.0,1.0,0.0,1.0,0.0
488,Kehrsatz,9.0,13.0,15.0,24.0,38.0,55.0,79.0,115.0,1.0,1.0,0.0,1.0,0.0,1.0,0.0
489,Kerns,21.0,24.0,32.0,42.0,67.0,90.0,121.0,163.0,1.0,1.0,0.0,1.0,0.0,1.0,0.0
490,Kerzers,11.0,13.0,21.0,29.0,41.0,57.0,80.0,112.0,2.0,3.0,1.0,4.0,1.0,6.0,2.0
491,Kirchberg,,,,,,,,,2.0,,,,,,
492,Kirchleerau,4.0,2.0,2.0,3.0,4.0,4.0,5.0,5.0,1.0,1.0,0.0,1.0,0.0,1.0,0.0
493,Kleindietwil,,,,,,,,,1.0,,,,,,
494,Kleindöttingen,,,,,,,,,1.0,,,,,,
495,Klingnau,2.0,4.0,11.0,14.0,25.0,49.0,95.0,186.0,1.0,2.0,1.0,4.0,2.0,8.0,4.0
496,Klosterneuburg,,,,,,,,,1.0,,,,,,
497,Klosters,2.0,2.0,4.0,8.0,15.0,26.0,44.0,76.0,3.0,5.0,2.0,8.0,3.0,14.0,6.0
498,Klosters-Serneus,,,,,,,,,2.0,,,,,,
499,Kloten,28.0,46.0,70.0,101.0,224.0,382.0,652.0,1113.0,4.0,7.0,3.0,12.0,5.0,20.0,8.0
500,Kreuzlingen,39.0,55.0,81.0,116.0,203.0,308.0,467.0,708.0,6.0,9.0,3.0,14.0,5.0,21.0,7.0
501,Kriegstetten,3.0,3.0,4.0,8.0,11.0,16.0,22.0,32.0,2.0,3.0,1.0,4.0,1.0,6.0,2.0
502,Kriens,22.0,27.0,45.0,88.0,143.0,231.0,375.0,606.0,27.0,44.0,17.0,71.0,27.0,115.0,44.0
503,Kölliken,8.0,13.0,18.0,24.0,33.0,47.0,67.0,96.0,4.0,6.0,2.0,9.0,3.0,13.0,4.0
504,Köniz,30.0,43.0,74.0,117.0,205.0,332.0,539.0,875.0,1.0,2.0,1.0,3.0,1.0,5.0,2.0
505,Küblis,2.0,2.0,2.0,4.0,7.0,10.0,14.0,21.0,3.0,4.0,1.0,6.0,2.0,9.0,3.0
506,Künten,2.0,2.0,6.0,11.0,15.0,27.0,49.0,87.0,1.0,2.0,1.0,4.0,2.0,7.0,3.0
507,Küsnacht,,,,,,,,,3.0,,,,,,
508,Küssnacht,,,,,,,,,2.0,,,,,,
509,L'Abbaye,1.0,3.0,8.0,12.0,20.0,44.0,98.0,215.0,1.0,2.0,1.0,4.0,2.0,9.0,5.0
510,L'Abergement,0.0,0.0,0.0,1.0,1.0,,,,1.0,,,,,,
511,L'Etivaz,,,,,,,,,1.0,,,,,,
512,L'Orient,,,,,,,,,1.0,,,,,,
513,La Chaux-de-Fonds,28.0,35.0,50.0,76.0,138.0,207.0,312.0,469.0,13.0,20.0,7.0,30.0,10.0,45.0,15.0
514,La Conversion,,,,,,,,,1.0,,,,,,
515,La Ferté-Gaucher,,,,,,,,,1.0,,,,,,
516,La Forclaz,,,,,,,,,1.0,,,,,,
517,La Heutte,,,,,,,,,1.0,,,,,,
518,La Neuveville,1.0,4.0,8.0,24.0,32.0,83.0,214.0,552.0,2.0,5.0,3.0,13.0,8.0,34.0,21.0
519,La Roche,4.0,4.0,6.0,9.0,13.0,18.0,24.0,33.0,3.0,4.0,1.0,5.0,1.0,7.0,2.0
520,La Sagne,1.0,1.0,1.0,1.0,6.0,14.0,30.0,68.0,2.0,5.0,3.0,11.0,6.0,25.0,14.0
521,La Sarraz,2.0,5.0,8.0,12.0,16.0,28.0,48.0,83.0,1.0,2.0,1.0,3.0,1.0,5.0,2.0
522,La Tour-de-Peilz,8.0,16.0,29.0,40.0,65.0,111.0,189.0,322.0,6.0,10.0,4.0,17.0,7.0,29.0,12.0
523,La Tour-de-Trême,,,,,,,,,1.0,,,,,,
524,La Tzoumaz,,,,,,,,,1.0,,,,,,
525,La Vernaz,,,,,,,,,1.0,,,,,,
526,Laax,2.0,2.0,7.0,13.0,22.0,44.0,89.0,179.0,2.0,4.0,2.0,8.0,4.0,16.0,8.0
527,Lamone,3.0,3.0,7.0,12.0,22.0,38.0,65.0,112.0,1.0,2.0,1.0,3.0,1.0,5.0,2.0
528,Lancy,17.0,26.0,50.0,101.0,159.0,280.0,493.0,869.0,5.0,9.0,4.0,16.0,7.0,28.0,12.0
529,Landquart,17.0,19.0,26.0,35.0,66.0,94.0,135.0,193.0,3.0,4.0,1.0,6.0,2.0,9.0,3.0
530,Langendorf,2.0,2.0,1.0,6.0,17.0,44.0,113.0,293.0,2.0,5.0,3.0,13.0,8.0,34.0,21.0
531,Langenthal,31.0,35.0,68.0,89.0,246.0,439.0,785.0,1402.0,18.0,32.0,14.0,57.0,25.0,102.0,45.0
532,Lantsch/Lenz,1.0,1.0,1.0,0.0,2.0,inf,inf,inf,1.0,inf,inf,,,,
533,Lauenen b. Gstaad,,,,,,,,,2.0,,,,,,
534,Laufen,12.0,17.0,26.0,32.0,40.0,54.0,74.0,100.0,3.0,4.0,1.0,5.0,1.0,7.0,2.0
535,Laupen,3.0,4.0,10.0,12.0,18.0,29.0,48.0,78.0,1.0,2.0,1.0,3.0,1.0,5.0,2.0
536,Lausanne,113.0,146.0,240.0,363.0,570.0,858.0,1290.0,1942.0,40.0,60.0,20.0,90.0,30.0,135.0,45.0
537,Lausen,4.0,6.0,10.0,19.0,38.0,67.0,119.0,210.0,2.0,4.0,2.0,7.0,3.0,12.0,5.0
538,Lauterbrunnen,1.0,3.0,5.0,7.0,7.0,12.0,22.0,39.0,2.0,3.0,1.0,6.0,3.0,11.0,5.0
539,Le Bouveret,,,,,,,,,1.0,,,,,,
540,Le Brassus,,,,,,,,,2.0,,,,,,
541,Le Chenit,13.0,13.0,18.0,23.0,36.0,47.0,61.0,80.0,2.0,3.0,1.0,4.0,1.0,5.0,1.0
542,Le Châble,,,,,,,,,3.0,,,,,,
543,Le Châtelard,0.0,0.0,0.0,1.0,4.0,,,,1.0,,,,,,
544,Le Crêt-du-Locle,,,,,,,,,1.0,,,,,,
545,Le Grand-Saconnex,7.0,8.0,10.0,26.0,50.0,86.0,149.0,258.0,4.0,7.0,3.0,12.0,5.0,21.0,9.0
546,Le Landeron,1.0,3.0,2.0,13.0,17.0,49.0,140.0,401.0,1.0,3.0,2.0,9.0,6.0,26.0,17.0
547,Le Lieu,1.0,1.0,2.0,3.0,4.0,6.0,9.0,12.0,1.0,2.0,1.0,3.0,1.0,4.0,1.0
548,Le Lignon,,,,,,,,,4.0,,,,,,
549,Le Locle,6.0,6.0,9.0,16.0,30.0,46.0,71.0,109.0,5.0,8.0,3.0,12.0,4.0,18.0,6.0
550,Le Mont Pellerin,,,,,,,,,1.0,,,,,,
551,Le Mont-sur-Lausanne,23.0,31.0,46.0,87.0,158.0,258.0,422.0,690.0,5.0,8.0,3.0,13.0,5.0,21.0,8.0
552,Le Mouret,3.0,3.0,9.0,17.0,32.0,62.0,121.0,235.0,1.0,2.0,1.0,4.0,2.0,8.0,4.0
553,Le Noirmont,0.0,1.0,1.0,3.0,12.0,inf,inf,inf,3.0,inf,inf,,,,
554,Le Pont,,,,,,,,,2.0,,,,,,
555,Le Prese,,,,,,,,,1.0,,,,,,
556,Le Sentier,,,,,,,,,2.0,,,,,,
557,LePrese,,,,,,,,,2.0,,,,,,
558,Lenk,1.0,2.0,3.0,4.0,9.0,16.0,28.0,50.0,5.0,9.0,4.0,16.0,7.0,29.0,13.0
559,Lenk im Simmental,,,,,,,,,1.0,,,,,,
560,Lens,3.0,5.0,7.0,12.0,28.0,50.0,89.0,158.0,1.0,2.0,1.0,4.0,2.0,7.0,3.0
561,Lenting,,,,,,,,,1.0,,,,,,
562,Lenzburg,20.0,30.0,48.0,67.0,103.0,155.0,234.0,353.0,6.0,9.0,3.0,14.0,5.0,21.0,7.0
563,Lenzerheide,,,,,,,,,2.0,,,,,,
564,Lenzerheide Vaz / Obervaz,,,,,,,,,1.0,,,,,,
565,Leobersdorf,,,,,,,,,2.0,,,,,,
566,Les Bioux,,,,,,,,,1.0,,,,,,
567,Les Brenets,,,,,,,,,1.0,,,,,,
568,Les Charbonnières,,,,,,,,,1.0,,,,,,
569,Les Collons,,,,,,,,,2.0,,,,,,
570,Les Diablerets,,,,,,,,,4.0,,,,,,
571,Les Geneveys-sur-Coffrane,,,,,,,,,2.0,,,,,,
572,Les Haudères,,,,,,,,,1.0,,,,,,
573,Les Ponts-de-Martel,3.0,4.0,4.0,7.0,10.0,14.0,19.0,26.0,1.0,1.0,0.0,1.0,0.0,1.0,0.0
574,Les Rasses,,,,,,,,,1.0,,,,,,
575,Les Verrières,0.0,0.0,0.0,0.0,0.0,,,,1.0,,,,,,
576,Leuk-Stadt,,,,,,,,,1.0,,,,,,
577,Leukerbad,4.0,2.0,3.0,5.0,6.0,7.0,9.0,11.0,2.0,2.0,0.0,3.0,1.0,4.0,1.0
578,Leuzigen,0.0,0.0,1.0,3.0,6.0,,,,1.0,,,,,,
579,Leysin,1.0,2.0,1.0,1.0,3.0,5.0,8.0,13.0,1.0,2.0,1.0,3.0,1.0,5.0,2.0
580,Lichtensteig,1.0,3.0,5.0,10.0,17.0,36.0,74.0,156.0,1.0,2.0,1.0,4.0,2.0,8.0,4.0
581,Liebefeld,,,,,,,,,2.0,,,,,,
582,Liestal,37.0,64.0,85.0,115.0,170.0,250.0,368.0,543.0,1.0,1.0,0.0,1.0,0.0,1.0,0.0
583,Lindau,24.0,26.0,35.0,52.0,81.0,111.0,152.0,207.0,3.0,4.0,1.0,5.0,1.0,7.0,2.0
584,Lindau (Kempthal),,,,,,,,,2.0,,,,,,
585,Linthal,,,,,,,,,3.0,,,,,,
586,Locarno,22.0,24.0,31.0,41.0,67.0,89.0,119.0,159.0,11.0,15.0,4.0,20.0,5.0,27.0,7.0
587,Lohn-Ammannsegg,,,,,,,,,1.0,,,,,,
588,Losone,7.0,9.0,13.0,24.0,54.0,92.0,157.0,268.0,3.0,5.0,2.0,9.0,4.0,15.0,6.0
589,Lucens,1.0,6.0,5.0,10.0,23.0,64.0,178.0,496.0,1.0,3.0,2.0,8.0,5.0,22.0,14.0
590,Lugaggia,,,,,,,,,1.0,,,,,,
591,Lugano,118.0,140.0,224.0,343.0,543.0,801.0,1182.0,1743.0,13.0,19.0,6.0,28.0,9.0,41.0,13.0
592,Lully,,,,,,,,,3.0,,,,,,
593,Lully FR,,,,,,,,,1.0,,,,,,
594,Lumino,4.0,5.0,6.0,8.0,17.0,25.0,37.0,55.0,1.0,1.0,0.0,1.0,0.0,1.0,0.0
595,Lungern,1.0,2.0,3.0,4.0,9.0,16.0,28.0,50.0,1.0,2.0,1.0,4.0,2.0,7.0,3.0
596,Lupfig,5.0,6.0,13.0,18.0,27.0,42.0,66.0,103.0,2.0,3.0,1.0,5.0,2.0,8.0,3.0
597,Lupsingen,3.0,3.0,7.0,15.0,27.0,49.0,89.0,163.0,1.0,2.0,1.0,4.0,2.0,7.0,3.0
598,Luterbach,5.0,4.0,6.0,8.0,18.0,26.0,39.0,57.0,2.0,3.0,1.0,4.0,1.0,6.0,2.0
599,Lutry,20.0,33.0,60.0,101.0,164.0,278.0,471.0,797.0,2.0,3.0,1.0,5.0,2.0,8.0,3.0
600,Luzern,187.0,183.0,247.0,381.0,528.0,694.0,912.0,1198.0,19.0,25.0,6.0,33.0,8.0,43.0,10.0
601,Lyss,18.0,23.0,34.0,58.0,100.0,155.0,239.0,370.0,9.0,14.0,5.0,22.0,8.0,34.0,12.0
602,Lyssach,0.0,4.0,6.0,12.0,21.0,inf,inf,inf,1.0,inf,inf,,,,
603,Lüterkofen,,,,,,,,,2.0,,,,,,
604,MC Nijkerk,,,,,,,,,1.0,,,,,,
605,Madiswil,5.0,5.0,13.0,12.0,14.0,20.0,28.0,40.0,1.0,1.0,0.0,1.0,0.0,1.0,0.0
606,Madulain,0.0,0.0,0.0,0.0,0.0,,,,1.0,,,,,,
607,Magadino,,,,,,,,,1.0,,,,,,
608,Magliaso,5.0,6.0,9.0,10.0,12.0,15.0,19.0,24.0,1.0,1.0,0.0,1.0,0.0,1.0,0.0
609,Maienfeld,11.0,17.0,26.0,36.0,56.0,84.0,127.0,190.0,3.0,4.0,1.0,6.0,2.0,9.0,3.0
610,Malvaglia,,,,,,,,,1.0,,,,,,
611,Manno,7.0,8.0,10.0,17.0,27.0,38.0,54.0,77.0,1.0,1.0,0.0,1.0,0.0,1.0,0.0
612,Marchtrenk,,,,,,,,,1.0,,,,,,
613,Marin-Epagnier,,,,,,,,,2.0,,,,,,
614,Marly,11.0,12.0,20.0,35.0,66.0,105.0,169.0,269.0,7.0,11.0,4.0,18.0,7.0,29.0,11.0
615,Martigny,19.0,25.0,42.0,62.0,131.0,216.0,355.0,584.0,17.0,28.0,11.0,46.0,18.0,76.0,30.0
616,Martigny-Croix,,,,,,,,,2.0,,,,,,
617,Mase,,,,,,,,,1.0,,,,,,
618,Massagno,8.0,8.0,11.0,16.0,29.0,41.0,58.0,81.0,1.0,1.0,0.0,1.0,0.0,1.0,0.0
619,Massongex,1.0,1.0,1.0,5.0,15.0,38.0,94.0,234.0,1.0,3.0,2.0,7.0,4.0,17.0,10.0
620,Matran,7.0,6.0,8.0,14.0,24.0,34.0,48.0,68.0,1.0,1.0,0.0,1.0,0.0,1.0,0.0
621,Matt,,,,,,,,,1.0,,,,,,
622,Mayersdorf,,,,,,,,,1.0,,,,,,
623,Medels,,,,,,,,,4.0,,,,,,
624,Meggen,33.0,34.0,52.0,69.0,112.0,154.0,213.0,293.0,1.0,1.0,0.0,1.0,0.0,1.0,0.0
625,Meiringen,10.0,13.0,16.0,23.0,35.0,48.0,66.0,90.0,5.0,7.0,2.0,10.0,3.0,14.0,4.0
626,Meisterschwanden,10.0,13.0,23.0,37.0,56.0,87.0,134.0,208.0,2.0,3.0,1.0,5.0,2.0,8.0,3.0
627,Melchnau,3.0,3.0,5.0,7.0,11.0,16.0,22.0,31.0,1.0,1.0,0.0,1.0,0.0,1.0,0.0
628,Melide,3.0,5.0,8.0,10.0,18.0,28.0,45.0,71.0,2.0,3.0,1.0,5.0,2.0,8.0,3.0
629,Mellingen,12.0,15.0,17.0,24.0,43.0,60.0,84.0,117.0,1.0,1.0,0.0,1.0,0.0,1.0,0.0
630,Mels,7.0,12.0,15.0,27.0,47.0,76.0,124.0,202.0,6.0,10.0,4.0,16.0,6.0,26.0,10.0
631,Mendrisio,32.0,34.0,45.0,80.0,159.0,245.0,376.0,578.0,12.0,18.0,6.0,28.0,10.0,43.0,15.0
632,Menziken,6.0,7.0,12.0,24.0,42.0,70.0,115.0,191.0,1.0,2.0,1.0,3.0,1.0,5.0,2.0
633,Menznau,3.0,6.0,7.0,19.0,23.0,41.0,72.0,128.0,1.0,2.0,1.0,4.0,2.0,7.0,3.0
634,Meride,,,,,,,,,1.0,,,,,,
635,Merligen,,,,,,,,,1.0,,,,,,
636,Mesocco,2.0,4.0,3.0,6.0,10.0,16.0,26.0,41.0,1.0,2.0,1.0,3.0,1.0,5.0,2.0
637,Messen,4.0,3.0,4.0,7.0,14.0,20.0,30.0,43.0,1.0,1.0,0.0,2.0,1.0,3.0,1.0
638,Mettmenstetten,20.0,26.0,36.0,41.0,60.0,79.0,105.0,139.0,3.0,4.0,1.0,5.0,1.0,7.0,2.0
639,Mex,,,,,,,,,2.0,,,,,,
640,Meyrin,15.0,27.0,31.0,63.0,108.0,181.0,303.0,506.0,8.0,13.0,5.0,22.0,9.0,37.0,15.0
641,Mezzovico,,,,,,,,,1.0,,,,,,
642,Miglieglia,1.0,2.0,3.0,3.0,3.0,4.0,6.0,8.0,1.0,1.0,0.0,2.0,1.0,3.0,1.0
643,Minusio,5.0,9.0,15.0,27.0,54.0,98.0,178.0,324.0,3.0,5.0,2.0,9.0,4.0,16.0,7.0
644,Mitlödi,,,,,,,,,1.0,,,,,,
645,Miège,,,,,,,,,1.0,,,,,,
646,Modi'in - Israel,,,,,,,,,1.0,,,,,,
647,Mogelsberg,,,,,,,,,1.0,,,,,,
648,Molinis,,,,,,,,,1.0,,,,,,
649,Mollie-Margot,,,,,,,,,1.0,,,,,,
650,Montagnola,,,,,,,,,1.0,,,,,,
651,Montagny-près-Yverdon,2.0,2.0,2.0,5.0,12.0,21.0,36.0,62.0,1.0,2.0,1.0,3.0,1.0,5.0,2.0
652,Montana,,,,,,,,,1.0,,,,,,
653,Monte Carasso,,,,,,,,,2.0,,,,,,
654,Monteggio,,,,,,,,,3.0,,,,,,
655,Montfaucon,1.0,1.0,1.0,3.0,4.0,6.0,10.0,16.0,1.0,2.0,1.0,3.0,1.0,5.0,2.0
656,Montherod,,,,,,,,,2.0,,,,,,
657,Monthey,12.0,18.0,28.0,52.0,99.0,169.0,288.0,490.0,6.0,10.0,4.0,17.0,7.0,29.0,12.0
658,Montreux,23.0,29.0,53.0,93.0,152.0,246.0,399.0,646.0,5.0,8.0,3.0,13.0,5.0,21.0,8.0
659,Moosseedorf,8.0,10.0,21.0,39.0,68.0,118.0,205.0,357.0,3.0,5.0,2.0,9.0,4.0,16.0,7.0
660,Morat,,,,,,,,,1.0,,,,,,
661,Morbio Inferiore,0.0,5.0,10.0,18.0,30.0,inf,inf,inf,3.0,inf,inf,,,,
662,Morges,23.0,26.0,44.0,85.0,157.0,259.0,428.0,706.0,6.0,10.0,4.0,17.0,7.0,28.0,11.0
663,Mosnang,2.0,5.0,8.0,11.0,22.0,41.0,77.0,144.0,2.0,4.0,2.0,8.0,4.0,15.0,7.0
664,Moudon,4.0,8.0,12.0,15.0,26.0,42.0,68.0,111.0,3.0,5.0,2.0,8.0,3.0,13.0,5.0
665,Moutier,1.0,5.0,11.0,19.0,32.0,85.0,225.0,597.0,3.0,8.0,5.0,21.0,13.0,56.0,35.0
666,Mumpf,6.0,9.0,12.0,14.0,25.0,36.0,52.0,76.0,2.0,3.0,1.0,4.0,1.0,6.0,2.0
667,Muolen,2.0,3.0,5.0,6.0,10.0,15.0,23.0,34.0,1.0,2.0,1.0,3.0,1.0,4.0,1.0
668,Muotathal,2.0,4.0,6.0,12.0,19.0,34.0,60.0,106.0,2.0,4.0,2.0,7.0,3.0,12.0,5.0
669,Muralto,6.0,9.0,14.0,17.0,20.0,27.0,37.0,50.0,2.0,3.0,1.0,4.0,1.0,5.0,1.0
670,Murg,,,,,,,,,1.0,,,,,,
671,Muri,,,,,,,,,2.0,,,,,,
672,Muri bei Bern,27.0,31.0,50.0,69.0,114.0,165.0,239.0,346.0,2.0,3.0,1.0,4.0,1.0,6.0,2.0
673,Murten,21.0,25.0,31.0,55.0,112.0,175.0,273.0,425.0,8.0,12.0,4.0,19.0,7.0,30.0,11.0
674,Muttenz,23.0,28.0,42.0,60.0,103.0,151.0,221.0,324.0,7.0,10.0,3.0,15.0,5.0,22.0,7.0
675,Muzzano,1.0,2.0,4.0,9.0,13.0,25.0,48.0,93.0,3.0,6.0,3.0,12.0,6.0,23.0,11.0
676,Mägenwil,8.0,7.0,11.0,14.0,18.0,23.0,28.0,35.0,1.0,1.0,0.0,1.0,0.0,1.0,0.0
677,Männedorf,24.0,30.0,47.0,91.0,139.0,218.0,343.0,538.0,3.0,5.0,2.0,8.0,3.0,13.0,5.0
678,Märstetten,10.0,11.0,16.0,20.0,32.0,43.0,58.0,79.0,1.0,1.0,0.0,1.0,0.0,1.0,0.0
679,Mézières,,,,,,,,,1.0,,,,,,
680,Mönchaltorf,8.0,14.0,25.0,35.0,45.0,70.0,109.0,169.0,1.0,2.0,1.0,3.0,1.0,5.0,2.0
681,Mörel,,,,,,,,,1.0,,,,,,
682,Mörschwil,9.0,10.0,17.0,25.0,51.0,81.0,127.0,201.0,1.0,2.0,1.0,3.0,1.0,5.0,2.0
683,Mühlethurnen,,,,,,,,,1.0,,,,,,
684,Mühlrüti,,,,,,,,,1.0,,,,,,
685,Müllheim,4.0,6.0,10.0,27.0,40.0,73.0,135.0,248.0,1.0,2.0,1.0,4.0,2.0,7.0,3.0
686,Müllheim Dorf,,,,,,,,,1.0,,,,,,
687,München,,,,,,,,,1.0,,,,,,
688,Münchenbuchsee,13.0,15.0,21.0,24.0,48.0,68.0,97.0,139.0,4.0,6.0,2.0,9.0,3.0,13.0,4.0
689,Münchenstein,23.0,36.0,58.0,84.0,117.0,176.0,265.0,398.0,4.0,6.0,2.0,9.0,3.0,14.0,5.0
690,Münchwilen,,,,,,,,,1.0,,,,,,
691,Münsingen,32.0,38.0,56.0,77.0,116.0,161.0,223.0,309.0,6.0,8.0,2.0,11.0,3.0,15.0,4.0
692,Münsterlingen,8.0,10.0,79.0,18.0,35.0,99.0,280.0,794.0,1.0,3.0,2.0,8.0,5.0,23.0,15.0
693,Nax,,,,,,,,,1.0,,,,,,
694,Nesselnbach,,,,,,,,,1.0,,,,,,
695,Nesslau,4.0,3.0,7.0,9.0,12.0,17.0,24.0,35.0,1.0,1.0,0.0,1.0,0.0,1.0,0.0
696,Netstal,,,,,,,,,3.0,,,,,,
697,Neuchâtel,47.0,60.0,99.0,148.0,232.0,347.0,520.0,779.0,13.0,19.0,6.0,28.0,9.0,42.0,14.0
698,Neuchâtel 2,,,,,,,,,1.0,,,,,,
699,Neuenhof,6.0,6.0,11.0,16.0,31.0,48.0,75.0,117.0,1.0,2.0,1.0,3.0,1.0,5.0,2.0
700,Neuhaus,,,,,,,,,2.0,,,,,,
701,Neuhausen am Rheinfall,12.0,19.0,26.0,34.0,50.0,72.0,103.0,147.0,5.0,7.0,2.0,10.0,3.0,14.0,4.0
702,Neukirch,,,,,,,,,1.0,,,,,,
703,Neunkirch,1.0,4.0,6.0,11.0,19.0,43.0,97.0,221.0,1.0,2.0,1.0,5.0,3.0,11.0,6.0
704,Neusiedl am See,,,,,,,,,1.0,,,,,,
705,Neyruz,,,,,,,,,1.0,,,,,,
706,Nidau,6.0,10.0,17.0,19.0,32.0,49.0,76.0,117.0,3.0,5.0,2.0,8.0,3.0,12.0,4.0
707,Niederbüren,4.0,4.0,6.0,8.0,12.0,16.0,21.0,28.0,1.0,1.0,0.0,1.0,0.0,1.0,0.0
708,Niedergösgen,5.0,10.0,13.0,19.0,28.0,44.0,68.0,106.0,1.0,2.0,1.0,3.0,1.0,5.0,2.0
709,Niederteufen,,,,,,,,,1.0,,,,,,
710,Niederurnen,,,,,,,,,3.0,,,,,,
711,Niederuzwil,,,,,,,,,1.0,,,,,,
712,Niederwangen,,,,,,,,,3.0,,,,,,
713,Niederweningen,9.0,15.0,15.0,21.0,33.0,47.0,66.0,92.0,1.0,1.0,0.0,1.0,0.0,1.0,0.0
714,Niederönz,4.0,5.0,5.0,9.0,13.0,18.0,25.0,34.0,2.0,3.0,1.0,4.0,1.0,5.0,1.0
715,Nods,2.0,3.0,3.0,2.0,3.0,4.0,4.0,5.0,2.0,3.0,1.0,3.0,0.0,4.0,1.0
716,Noiraigue,,,,,,,,,2.0,,,,,,
717,Nottwil,4.0,7.0,13.0,21.0,33.0,56.0,95.0,162.0,4.0,7.0,3.0,12.0,5.0,20.0,8.0
718,Novaggio,1.0,1.0,2.0,2.0,4.0,6.0,9.0,14.0,1.0,2.0,1.0,3.0,1.0,5.0,2.0
719,Novazzano,1.0,4.0,6.0,17.0,26.0,64.0,158.0,390.0,1.0,2.0,1.0,5.0,3.0,12.0,7.0
720,Noville,0.0,0.0,0.0,1.0,6.0,,,,1.0,,,,,,
721,Nunningen,1.0,1.0,6.0,11.0,15.0,38.0,97.0,248.0,1.0,3.0,2.0,8.0,5.0,20.0,12.0
722,Nussbaumen,,,,,,,,,4.0,,,,,,
723,Nyon,32.0,45.0,64.0,118.0,177.0,273.0,421.0,650.0,13.0,20.0,7.0,31.0,11.0,48.0,17.0
724,Nänikon,,,,,,,,,1.0,,,,,,
725,ONEX,,,,,,,,,1.0,,,,,,
726,Oberdiessbach,5.0,5.0,6.0,14.0,24.0,37.0,59.0,91.0,2.0,3.0,1.0,5.0,2.0,8.0,3.0
727,Oberdorf,,,,,,,,,1.0,,,,,,
728,Oberegg,5.0,7.0,8.0,9.0,15.0,20.0,27.0,36.0,1.0,1.0,0.0,1.0,0.0,1.0,0.0
729,Oberems,0.0,0.0,0.0,0.0,1.0,,,,1.0,,,,,,
730,Oberentfelden,5.0,8.0,13.0,26.0,39.0,66.0,110.0,185.0,5.0,8.0,3.0,13.0,5.0,22.0,9.0
731,Oberglatt,10.0,13.0,16.0,20.0,34.0,47.0,64.0,87.0,1.0,1.0,0.0,1.0,0.0,1.0,0.0
732,Oberhasli,,,,,,,,,1.0,,,,,,
733,Oberiberg,5.0,5.0,9.0,9.0,9.0,11.0,13.0,16.0,1.0,1.0,0.0,1.0,0.0,1.0,0.0
734,Oberkirch,6.0,11.0,19.0,36.0,63.0,113.0,204.0,368.0,5.0,9.0,4.0,16.0,7.0,29.0,13.0
735,Oberrohrdorf,9.0,13.0,24.0,32.0,59.0,95.0,154.0,249.0,1.0,2.0,1.0,3.0,1.0,5.0,2.0
736,Oberrüti,2.0,2.0,3.0,6.0,7.0,10.0,14.0,20.0,2.0,3.0,1.0,4.0,1.0,6.0,2.0
737,Oberuzwil,5.0,8.0,16.0,28.0,57.0,105.0,194.0,359.0,3.0,6.0,3.0,11.0,5.0,20.0,9.0
738,Oberweningen,6.0,9.0,12.0,14.0,20.0,27.0,37.0,50.0,1.0,1.0,0.0,1.0,0.0,1.0,0.0
739,Oberwil,,,,,,,,,2.0,,,,,,
740,Oberwil b. Zug,,,,,,,,,1.0,,,,,,
741,Oberägeri,22.0,26.0,41.0,59.0,105.0,157.0,234.0,350.0,3.0,4.0,1.0,6.0,2.0,9.0,3.0
742,Obfelden,11.0,18.0,30.0,40.0,68.0,108.0,171.0,270.0,1.0,2.0,1.0,3.0,1.0,5.0,2.0
743,Oensingen,8.0,7.0,26.0,41.0,51.0,94.0,175.0,324.0,10.0,18.0,8.0,34.0,16.0,63.0,29.0
744,Oeschgen,0.0,2.0,3.0,7.0,12.0,inf,inf,inf,1.0,inf,inf,,,,
745,Oetwil am See,8.0,8.0,16.0,23.0,39.0,60.0,92.0,141.0,1.0,2.0,1.0,3.0,1.0,5.0,2.0
746,Oftringen,11.0,17.0,28.0,43.0,84.0,140.0,234.0,392.0,3.0,5.0,2.0,8.0,3.0,13.0,5.0
747,Olivone,,,,,,,,,1.0,,,,,,
748,Ollon,14.0,23.0,33.0,41.0,80.0,125.0,197.0,308.0,1.0,2.0,1.0,3.0,1.0,5.0,2.0
749,Olten,18.0,30.0,42.0,60.0,105.0,164.0,256.0,400.0,10.0,16.0,6.0,25.0,9.0,39.0,14.0
750,Opfikon,74.0,51.0,65.0,125.0,250.0,368.0,541.0,797.0,11.0,16.0,5.0,24.0,8.0,35.0,11.0
751,Orbe,5.0,8.0,10.0,17.0,37.0,62.0,105.0,176.0,4.0,7.0,3.0,12.0,5.0,20.0,8.0
752,Origlio,3.0,4.0,4.0,10.0,18.0,30.0,50.0,82.0,1.0,2.0,1.0,3.0,1.0,5.0,2.0
753,Orny,1.0,1.0,1.0,3.0,5.0,8.0,14.0,23.0,1.0,2.0,1.0,4.0,2.0,7.0,3.0
754,Oron-la-Ville,,,,,,,,,1.0,,,,,,
755,Orpund,2.0,2.0,2.0,4.0,13.0,24.0,43.0,77.0,1.0,2.0,1.0,4.0,2.0,7.0,3.0
756,Orsières,1.0,1.0,2.0,7.0,13.0,27.0,57.0,119.0,2.0,4.0,2.0,8.0,4.0,17.0,9.0
757,Ort im Innkreis,,,,,,,,,2.0,,,,,,
758,Ossingen,4.0,6.0,9.0,11.0,13.0,18.0,24.0,32.0,1.0,1.0,0.0,1.0,0.0,1.0,0.0
759,Ostermundigen,7.0,10.0,20.0,38.0,56.0,95.0,162.0,275.0,7.0,12.0,5.0,20.0,8.0,34.0,14.0
760,Otelfingen,2.0,7.0,14.0,19.0,24.0,49.0,99.0,201.0,2.0,4.0,2.0,8.0,4.0,16.0,8.0
761,Othmarsingen,7.0,10.0,14.0,20.0,32.0,47.0,69.0,100.0,2.0,3.0,1.0,4.0,1.0,6.0,2.0
762,Pambio-Noranco,,,,,,,,,3.0,,,,,,
763,Pampigny,,,,,,,,,1.0,,,,,,
764,Paradiso,12.0,15.0,22.0,38.0,63.0,96.0,147.0,224.0,1.0,2.0,1.0,3.0,1.0,5.0,2.0
765,Paudex,8.0,8.0,7.0,9.0,16.0,20.0,24.0,30.0,1.0,1.0,0.0,1.0,0.0,1.0,0.0
766,Payerne,8.0,12.0,21.0,33.0,59.0,97.0,161.0,266.0,7.0,12.0,5.0,20.0,8.0,33.0,13.0
767,Perly,,,,,,,,,1.0,,,,,,
768,Perly Certoux,,,,,,,,,1.0,,,,,,
769,Peseux NE,,,,,,,,,2.0,,,,,,
770,Pfaffing,,,,,,,,,1.0,,,,,,
771,Pfaffnau,1.0,1.0,4.0,11.0,21.0,51.0,122.0,296.0,1.0,2.0,1.0,5.0,3.0,12.0,7.0
772,Pfungen,10.0,12.0,15.0,23.0,30.0,40.0,52.0,69.0,2.0,3.0,1.0,4.0,1.0,5.0,1.0
773,Pfäffikon,24.0,31.0,40.0,73.0,117.0,176.0,264.0,397.0,5.0,8.0,3.0,12.0,4.0,18.0,6.0
774,Pfäffikon SZ,,,,,,,,,1.0,,,,,,
775,Pianezzo,,,,,,,,,1.0,,,,,,
776,Pieterlen,8.0,8.0,10.0,14.0,28.0,40.0,56.0,79.0,3.0,4.0,1.0,6.0,2.0,8.0,2.0
777,Plaffeien,3.0,4.0,6.0,8.0,15.0,23.0,34.0,52.0,2.0,3.0,1.0,4.0,1.0,6.0,2.0
778,Plan-les-Ouates,26.0,29.0,45.0,58.0,88.0,120.0,165.0,225.0,2.0,3.0,1.0,4.0,1.0,5.0,1.0
779,Pollegio,1.0,1.0,1.0,3.0,7.0,13.0,24.0,43.0,1.0,2.0,1.0,4.0,2.0,7.0,3.0
780,Pollenfeld,,,,,,,,,1.0,,,,,,
781,Ponte Cremenaga,,,,,,,,,1.0,,,,,,
782,Ponte Tresa,,,,,,,,,1.0,,,,,,
783,Pontresina,6.0,8.0,12.0,15.0,18.0,24.0,31.0,41.0,8.0,11.0,3.0,14.0,3.0,19.0,5.0
784,Porrentruy,7.0,10.0,15.0,29.0,49.0,80.0,131.0,215.0,3.0,5.0,2.0,8.0,3.0,13.0,5.0
785,Port,6.0,8.0,11.0,18.0,26.0,38.0,54.0,79.0,1.0,1.0,0.0,1.0,0.0,1.0,0.0
786,Poschiavo,13.0,18.0,19.0,23.0,34.0,44.0,56.0,72.0,4.0,5.0,1.0,6.0,1.0,8.0,2.0
787,Pragg - Jenaz,,,,,,,,,1.0,,,,,,
788,Pratteln,16.0,24.0,33.0,73.0,98.0,158.0,253.0,407.0,3.0,5.0,2.0,8.0,3.0,13.0,5.0
789,Pravidondaz,,,,,,,,,1.0,,,,,,
790,Premploz / Conthey,,,,,,,,,1.0,,,,,,
791,Prilly,14.0,16.0,24.0,43.0,65.0,97.0,144.0,214.0,1.0,1.0,0.0,1.0,0.0,1.0,0.0
792,Puidoux,3.0,4.0,5.0,8.0,20.0,33.0,56.0,93.0,4.0,7.0,3.0,12.0,5.0,20.0,8.0
793,Pully,27.0,43.0,61.0,94.0,156.0,242.0,376.0,584.0,4.0,6.0,2.0,9.0,3.0,14.0,5.0
794,Puplinge,1.0,1.0,3.0,4.0,5.0,8.0,14.0,22.0,1.0,2.0,1.0,4.0,2.0,6.0,2.0
795,Quinto,1.0,1.0,0.0,2.0,5.0,inf,inf,inf,1.0,inf,inf,,,,
796,RN Nijkerk,,,,,,,,,2.0,,,,,,
797,Recherswil,1.0,1.0,4.0,11.0,20.0,48.0,114.0,274.0,1.0,2.0,1.0,5.0,3.0,12.0,7.0
798,Reconvillier,,,,,,,,,1.0,,,,,,
799,Regensdorf,37.0,44.0,62.0,85.0,118.0,158.0,212.0,284.0,1.0,1.0,0.0,1.0,0.0,1.0,0.0
800,Rehetobel,9.0,8.0,10.0,15.0,21.0,26.0,33.0,42.0,1.0,1.0,0.0,1.0,0.0,1.0,0.0
801,Reichenbach,,,,,,,,,2.0,,,,,,
802,Reichersberg,,,,,,,,,1.0,,,,,,
803,Reinach,,,,,,,,,6.0,,,,,,
804,Reitnau,4.0,5.0,7.0,11.0,14.0,19.0,26.0,36.0,1.0,1.0,0.0,1.0,0.0,1.0,0.0
805,Remigen,1.0,1.0,1.0,5.0,11.0,25.0,58.0,134.0,1.0,2.0,1.0,5.0,3.0,12.0,7.0
806,Renens,,,,,,,,,6.0,,,,,,
807,Rennaz,1.0,1.0,1.0,3.0,6.0,10.0,18.0,32.0,2.0,3.0,1.0,5.0,2.0,9.0,4.0
808,Rheinau,4.0,5.0,7.0,7.0,10.0,13.0,16.0,20.0,1.0,1.0,0.0,1.0,0.0,1.0,0.0
809,Rheine,,,,,,,,,3.0,,,,,,
810,Rheinfelden,19.0,31.0,41.0,56.0,88.0,130.0,191.0,281.0,1.0,1.0,0.0,1.0,0.0,1.0,0.0
811,Riaz,5.0,5.0,7.0,10.0,19.0,27.0,39.0,56.0,1.0,1.0,0.0,1.0,0.0,1.0,0.0
812,Riazzino,,,,,,,,,1.0,,,,,,
813,Rickenbach bei Schwyz,,,,,,,,,2.0,,,,,,
814,Riddes,1.0,2.0,7.0,15.0,23.0,53.0,121.0,278.0,2.0,5.0,3.0,11.0,6.0,25.0,14.0
815,Ried im Innkreis,,,,,,,,,1.0,,,,,,
816,Ried-Brig,2.0,4.0,8.0,10.0,14.0,23.0,39.0,64.0,1.0,2.0,1.0,3.0,1.0,5.0,2.0
817,Riedholz,6.0,8.0,11.0,15.0,21.0,29.0,39.0,54.0,1.0,1.0,0.0,1.0,0.0,1.0,0.0
818,Riex,,,,,,,,,1.0,,,,,,
819,Risch,39.0,105.0,473.0,645.0,922.0,2303.0,5751.0,14364.0,3.0,7.0,4.0,17.0,10.0,42.0,25.0
820,Ritzingen,,,,,,,,,1.0,,,,,,
821,Riva San Vitale,6.0,8.0,13.0,9.0,18.0,25.0,36.0,51.0,1.0,1.0,0.0,1.0,0.0,1.0,0.0
822,Rivera,,,,,,,,,2.0,,,,,,
823,Roggwil TG,,,,,,,,,1.0,,,,,,
824,Rohrbach,2.0,3.0,5.0,4.0,9.0,14.0,22.0,34.0,2.0,3.0,1.0,5.0,2.0,8.0,3.0
825,Rolle,13.0,14.0,21.0,34.0,62.0,93.0,140.0,211.0,2.0,3.0,1.0,5.0,2.0,8.0,3.0
826,Romanel-sur-Lausanne,4.0,6.0,9.0,12.0,29.0,49.0,83.0,139.0,1.0,2.0,1.0,3.0,1.0,5.0,2.0
827,Romont,,,,,,,,,5.0,,,,,,
828,Root,7.0,8.0,12.0,20.0,37.0,57.0,88.0,135.0,2.0,3.0,1.0,5.0,2.0,8.0,3.0
829,Rorschach,11.0,13.0,19.0,33.0,44.0,63.0,90.0,128.0,1.0,1.0,0.0,1.0,0.0,1.0,0.0
830,Rorschacherberg,2.0,4.0,9.0,19.0,37.0,77.0,160.0,332.0,1.0,2.0,1.0,4.0,2.0,8.0,4.0
831,Rotenburg (Wümme),,,,,,,,,4.0,,,,,,
832,Rothenburg,15.0,21.0,28.0,51.0,78.0,119.0,180.0,274.0,6.0,9.0,3.0,14.0,5.0,21.0,7.0
833,Rothenthurm,0.0,0.0,0.0,2.0,5.0,,,,1.0,,,,,,
834,Rothrist,13.0,17.0,27.0,44.0,79.0,125.0,197.0,312.0,4.0,6.0,2.0,9.0,3.0,14.0,5.0
835,Rothrist ,,,,,,,,,1.0,,,,,,
836,Rotkreuz,,,,,,,,,1.0,,,,,,
837,Rotkreuz ZG,,,,,,,,,3.0,,,,,,
838,Rougemont,1.0,1.0,1.0,0.0,0.0,,,,2.0,,,,,,
839,Roveredo,,,,,,,,,1.0,,,,,,
840,Rovio,3.0,3.0,6.0,9.0,9.0,12.0,17.0,23.0,1.0,1.0,0.0,1.0,0.0,1.0,0.0
841,Rozzano,,,,,,,,,1.0,,,,,,
842,Rubigen,1.0,1.0,5.0,13.0,19.0,48.0,120.0,302.0,1.0,3.0,2.0,8.0,5.0,20.0,12.0
843,Rudolfstetten,,,,,,,,,2.0,,,,,,
844,Rueras,,,,,,,,,1.0,,,,,,
845,Rupperswil,18.0,14.0,18.0,33.0,57.0,80.0,113.0,158.0,2.0,3.0,1.0,4.0,1.0,6.0,2.0
846,Russikon,13.0,15.0,21.0,30.0,47.0,65.0,90.0,125.0,1.0,1.0,0.0,1.0,0.0,1.0,0.0
847,Russin,2.0,2.0,3.0,4.0,6.0,8.0,11.0,14.0,1.0,1.0,0.0,1.0,0.0,1.0,0.0
848,Russo,,,,,,,,,1.0,,,,,,
849,Ruswil,11.0,23.0,28.0,36.0,65.0,104.0,166.0,266.0,4.0,6.0,2.0,10.0,4.0,16.0,6.0
850,Röschenz,2.0,3.0,3.0,6.0,12.0,20.0,32.0,51.0,3.0,5.0,2.0,8.0,3.0,13.0,5.0
851,Rüschegg,3.0,2.0,4.0,6.0,6.0,8.0,10.0,13.0,1.0,1.0,0.0,1.0,0.0,1.0,0.0
852,Rüti,,,,,,,,,5.0,,,,,,
853,S. Bernardino,,,,,,,,,2.0,,,,,,
854,Saanen,9.0,20.0,30.0,48.0,49.0,78.0,123.0,195.0,14.0,22.0,8.0,35.0,13.0,55.0,20.0
855,Saas-Grund,4.0,3.0,4.0,5.0,8.0,10.0,12.0,15.0,1.0,1.0,0.0,1.0,0.0,1.0,0.0
856,Sachseln,12.0,17.0,28.0,39.0,47.0,67.0,94.0,133.0,1.0,1.0,0.0,1.0,0.0,1.0,0.0
857,Safenwil,9.0,16.0,24.0,34.0,61.0,99.0,161.0,260.0,5.0,8.0,3.0,13.0,5.0,21.0,8.0
858,Saignelégier,1.0,2.0,3.0,9.0,14.0,28.0,57.0,114.0,1.0,2.0,1.0,4.0,2.0,8.0,4.0
859,Saillon,5.0,7.0,7.0,11.0,35.0,63.0,112.0,200.0,5.0,9.0,4.0,16.0,7.0,29.0,13.0
860,Saint-Cergue,3.0,2.0,5.0,8.0,24.0,47.0,90.0,176.0,1.0,2.0,1.0,4.0,2.0,8.0,4.0
861,Saint-George,1.0,2.0,5.0,6.0,11.0,21.0,39.0,73.0,1.0,2.0,1.0,4.0,2.0,7.0,3.0
862,Saint-Imier,5.0,4.0,5.0,11.0,21.0,32.0,50.0,77.0,3.0,5.0,2.0,8.0,3.0,12.0,4.0
863,Saint-Luc,,,,,,,,,2.0,,,,,,
864,Saint-Légier-La Chiésaz,14.0,14.0,21.0,47.0,83.0,135.0,219.0,357.0,5.0,8.0,3.0,13.0,5.0,21.0,8.0
865,Saint-Martin,,,,,,,,,1.0,,,,,,
866,Saint-Sulpice,,,,,,,,,1.0,,,,,,
867,Salenstein,4.0,7.0,10.0,18.0,25.0,40.0,63.0,101.0,1.0,2.0,1.0,3.0,1.0,5.0,2.0
868,Salvan,1.0,1.0,1.0,2.0,4.0,6.0,9.0,14.0,1.0,2.0,1.0,3.0,1.0,5.0,2.0
869,Samedan,6.0,7.0,10.0,15.0,21.0,29.0,40.0,54.0,5.0,7.0,2.0,10.0,3.0,14.0,4.0
870,Samnaun Dorf,,,,,,,,,1.0,,,,,,
871,San Bernardino,,,,,,,,,1.0,,,,,,
872,San Maurizio,,,,,,,,,2.0,,,,,,
873,Sankt Stefan im Rosental,,,,,,,,,1.0,,,,,,
874,Sant Antonino,,,,,,,,,1.0,,,,,,
875,Sant'Antonino,1.0,2.0,4.0,5.0,14.0,28.0,57.0,114.0,4.0,8.0,4.0,16.0,8.0,32.0,16.0
876,Saragans,,,,,,,,,1.0,,,,,,
877,Sarmenstorf,14.0,15.0,24.0,31.0,39.0,51.0,66.0,87.0,3.0,4.0,1.0,5.0,1.0,7.0,2.0
878,Sarnen,24.0,37.0,47.0,79.0,107.0,156.0,229.0,334.0,1.0,1.0,0.0,1.0,0.0,1.0,0.0
879,Satigny,3.0,8.0,13.0,26.0,48.0,98.0,199.0,404.0,2.0,4.0,2.0,8.0,4.0,16.0,8.0
880,Savièse,10.0,10.0,19.0,30.0,77.0,136.0,239.0,421.0,2.0,4.0,2.0,7.0,3.0,12.0,5.0
881,Savognin,,,,,,,,,3.0,,,,,,
882,Saxon,8.0,13.0,16.0,23.0,45.0,70.0,110.0,172.0,2.0,3.0,1.0,5.0,2.0,8.0,3.0
883,Schachen,,,,,,,,,1.0,,,,,,
884,Schaffhausen,47.0,73.0,110.0,160.0,266.0,411.0,634.0,980.0,14.0,22.0,8.0,34.0,12.0,53.0,19.0
885,Schattdorf,3.0,3.0,5.0,11.0,30.0,57.0,108.0,205.0,4.0,8.0,4.0,15.0,7.0,28.0,13.0
886,Schattenhalb,0.0,0.0,0.0,1.0,1.0,,,,2.0,,,,,,
887,Schenkon,7.0,10.0,19.0,29.0,41.0,64.0,101.0,158.0,2.0,3.0,1.0,5.0,2.0,8.0,3.0
888,Schiers,0.0,1.0,2.0,5.0,11.0,inf,inf,inf,1.0,inf,inf,,,,
889,Schinznach-Bad,,,,,,,,,1.0,,,,,,
890,Schlieren,37.0,49.0,68.0,124.0,232.0,372.0,595.0,953.0,19.0,30.0,11.0,48.0,18.0,77.0,29.0
891,Schmerikon,13.0,12.0,19.0,30.0,39.0,53.0,71.0,95.0,3.0,4.0,1.0,5.0,1.0,7.0,2.0
892,Schongau,2.0,2.0,6.0,14.0,22.0,43.0,86.0,170.0,1.0,2.0,1.0,4.0,2.0,8.0,4.0
893,Schwanden,,,,,,,,,1.0,,,,,,
894,Schwarzenbach,,,,,,,,,1.0,,,,,,
895,Schweiz,,,,,,,,,4.0,,,,,,
896,Schwerzenbach,8.0,9.0,18.0,22.0,34.0,50.0,74.0,109.0,1.0,1.0,0.0,1.0,0.0,1.0,0.0
897,Schwyz,44.0,58.0,78.0,104.0,140.0,187.0,250.0,334.0,8.0,11.0,3.0,15.0,4.0,20.0,5.0
898,Schwägalp,,,,,,,,,1.0,,,,,,
899,Schöftland,8.0,9.0,10.0,17.0,31.0,45.0,64.0,93.0,1.0,1.0,0.0,1.0,0.0,1.0,0.0
900,Schönenberg,,,,,,,,,1.0,,,,,,
901,Schönenbuch,4.0,5.0,5.0,6.0,8.0,10.0,11.0,14.0,1.0,1.0,0.0,1.0,0.0,1.0,0.0
902,Schönenwerd,3.0,6.0,10.0,14.0,22.0,37.0,61.0,101.0,2.0,3.0,1.0,5.0,2.0,8.0,3.0
903,Schötz,8.0,11.0,13.0,19.0,29.0,40.0,56.0,77.0,1.0,1.0,0.0,1.0,0.0,1.0,0.0
904,Schüpfheim,3.0,3.0,5.0,10.0,17.0,27.0,43.0,69.0,2.0,3.0,1.0,5.0,2.0,8.0,3.0
905,Scuol,9.0,9.0,13.0,20.0,31.0,43.0,59.0,82.0,3.0,4.0,1.0,5.0,1.0,7.0,2.0
906,Sedrun,,,,,,,,,2.0,,,,,,
907,Seelisberg,6.0,6.0,6.0,7.0,8.0,9.0,9.0,10.0,1.0,1.0,0.0,1.0,0.0,1.0,0.0
908,Seengen,13.0,15.0,22.0,41.0,61.0,91.0,136.0,203.0,1.0,1.0,0.0,1.0,0.0,1.0,0.0
909,Seewen SZ,,,,,,,,,1.0,,,,,,
910,Seinäjoki,,,,,,,,,4.0,,,,,,
911,Selzach,4.0,5.0,8.0,13.0,18.0,26.0,39.0,57.0,1.0,1.0,0.0,2.0,1.0,3.0,1.0
912,Sembrancher,0.0,1.0,2.0,1.0,1.0,inf,inf,inf,2.0,inf,inf,,,,
913,Sempach,7.0,8.0,12.0,19.0,33.0,49.0,73.0,109.0,3.0,4.0,1.0,6.0,2.0,9.0,3.0
914,Sennwald,18.0,22.0,30.0,45.0,64.0,88.0,121.0,167.0,2.0,3.0,1.0,4.0,1.0,6.0,2.0
915,Sent,,,,,,,,,1.0,,,,,,
916,Seon,7.0,14.0,17.0,23.0,33.0,50.0,74.0,111.0,2.0,3.0,1.0,4.0,1.0,6.0,2.0
917,Servion,2.0,4.0,4.0,13.0,23.0,46.0,92.0,185.0,1.0,2.0,1.0,4.0,2.0,8.0,4.0
918,Seuzach,24.0,27.0,32.0,46.0,77.0,104.0,141.0,192.0,9.0,12.0,3.0,16.0,4.0,22.0,6.0
919,Sevelen,5.0,10.0,19.0,33.0,46.0,81.0,142.0,250.0,2.0,4.0,2.0,7.0,3.0,12.0,5.0
920,Siebnen,,,,,,,,,1.0,,,,,,
921,Siegershausen,,,,,,,,,1.0,,,,,,
922,Sierre,22.0,24.0,38.0,45.0,111.0,176.0,278.0,439.0,8.0,13.0,5.0,21.0,8.0,33.0,12.0
923,Signy,,,,,,,,,1.0,,,,,,
924,Signy-Avenex,0.0,0.0,3.0,6.0,8.0,,,,1.0,,,,,,
925,Sihlbrugg,,,,,,,,,3.0,,,,,,
926,Sils,,,,,,,,,2.0,,,,,,
927,Silvaplana,3.0,4.0,3.0,3.0,6.0,8.0,10.0,12.0,4.0,5.0,1.0,6.0,1.0,7.0,1.0
928,Silvaplana Surlej,,,,,,,,,1.0,,,,,,
929,Sion,56.0,81.0,137.0,211.0,362.0,579.0,925.0,1478.0,25.0,40.0,15.0,64.0,24.0,102.0,38.0
930,Sirnach,20.0,21.0,38.0,65.0,98.0,149.0,226.0,344.0,2.0,3.0,1.0,5.0,2.0,8.0,3.0
931,Sisikon,0.0,1.0,1.0,1.0,4.0,inf,inf,inf,2.0,inf,inf,,,,
932,Sisseln,2.0,2.0,3.0,6.0,14.0,24.0,41.0,70.0,3.0,5.0,2.0,9.0,4.0,15.0,6.0
933,Solothurn,36.0,42.0,63.0,92.0,154.0,223.0,324.0,470.0,11.0,16.0,5.0,23.0,7.0,33.0,10.0
934,Sonceboz-Sombeval,1.0,3.0,3.0,8.0,14.0,29.0,62.0,130.0,2.0,4.0,2.0,9.0,5.0,19.0,10.0
935,Sorengo,7.0,8.0,11.0,12.0,18.0,23.0,29.0,38.0,1.0,1.0,0.0,1.0,0.0,1.0,0.0
936,Speicher,9.0,16.0,23.0,23.0,41.0,61.0,92.0,138.0,4.0,6.0,2.0,9.0,3.0,14.0,5.0
937,Spiez,18.0,20.0,38.0,59.0,94.0,145.0,223.0,343.0,3.0,5.0,2.0,8.0,3.0,12.0,4.0
938,Spiezwiler,,,,,,,,,1.0,,,,,,
939,Spreitenbach,9.0,14.0,24.0,30.0,46.0,70.0,105.0,159.0,10.0,15.0,5.0,22.0,7.0,33.0,11.0
940,St Blaise,,,,,,,,,1.0,,,,,,
941,St-Léonard,,,,,,,,,1.0,,,,,,
942,St-Martin,,,,,,,,,1.0,,,,,,
943,St-Romain,,,,,,,,,1.0,,,,,,
944,St. Antönien,,,,,,,,,1.0,,,,,,
945,St. Florian am Inn,,,,,,,,,1.0,,,,,,
946,St. Gallen,135.0,178.0,265.0,414.0,664.0,992.0,1481.0,2211.0,39.0,58.0,19.0,87.0,29.0,130.0,43.0
947,St. Georgen bei Grieskirchen,,,,,,,,,1.0,,,,,,
948,St. Margrethen,10.0,9.0,11.0,15.0,25.0,32.0,41.0,53.0,2.0,3.0,1.0,4.0,1.0,5.0,1.0
949,St. Moritz,17.0,21.0,24.0,34.0,52.0,69.0,92.0,123.0,7.0,9.0,2.0,12.0,3.0,16.0,4.0
950,St.Gallen,,,,,,,,,6.0,,,,,,
951,St.Gallenkappel,,,,,,,,,1.0,,,,,,
952,St.Margrethen,,,,,,,,,1.0,,,,,,
953,Stabio,9.0,9.0,10.0,23.0,36.0,54.0,80.0,120.0,2.0,3.0,1.0,4.0,1.0,6.0,2.0
954,Stans,11.0,15.0,22.0,45.0,81.0,135.0,226.0,377.0,11.0,18.0,7.0,30.0,12.0,50.0,20.0
955,Stansstad,13.0,17.0,26.0,39.0,53.0,75.0,107.0,153.0,1.0,1.0,0.0,1.0,0.0,1.0,0.0
956,Stechelberg,,,,,,,,,1.0,,,,,,
957,Steffisburg,14.0,20.0,30.0,46.0,76.0,116.0,178.0,271.0,3.0,5.0,2.0,8.0,3.0,12.0,4.0
958,Steg,,,,,,,,,1.0,,,,,,
959,Steg-Hohtenn,12.0,15.0,13.0,10.0,14.0,15.0,16.0,17.0,1.0,1.0,0.0,1.0,0.0,1.0,0.0
960,Stein,,,,,,,,,3.0,,,,,,
961,Steinach,3.0,4.0,9.0,17.0,29.0,52.0,93.0,168.0,2.0,4.0,2.0,7.0,3.0,13.0,6.0
962,Steinerberg,3.0,7.0,10.0,12.0,15.0,23.0,36.0,56.0,1.0,2.0,1.0,3.0,1.0,5.0,2.0
963,Steinhausen,14.0,17.0,33.0,56.0,107.0,181.0,306.0,517.0,10.0,17.0,7.0,29.0,12.0,49.0,20.0
964,Stettlen,4.0,4.0,4.0,7.0,17.0,26.0,41.0,63.0,2.0,3.0,1.0,5.0,2.0,8.0,3.0
965,Stollberg/Erzgeb.,,,,,,,,,1.0,,,,,,
966,Stoos,,,,,,,,,1.0,,,,,,
967,Studen BE,,,,,,,,,1.0,,,,,,
968,Stäfa,36.0,41.0,77.0,117.0,179.0,271.0,412.0,624.0,1.0,2.0,1.0,3.0,1.0,5.0,2.0
969,Subingen,5.0,4.0,8.0,12.0,19.0,28.0,41.0,60.0,1.0,1.0,0.0,1.0,0.0,1.0,0.0
970,Suhr,10.0,15.0,21.0,26.0,43.0,62.0,90.0,131.0,2.0,3.0,1.0,4.0,1.0,6.0,2.0
971,Sulgen,5.0,6.0,7.0,11.0,23.0,35.0,52.0,79.0,2.0,3.0,1.0,4.0,1.0,6.0,2.0
972,Sumiswald,1.0,4.0,7.0,12.0,28.0,69.0,168.0,411.0,2.0,5.0,3.0,12.0,7.0,29.0,17.0
973,Sursee,22.0,38.0,64.0,93.0,153.0,249.0,405.0,659.0,10.0,16.0,6.0,26.0,10.0,42.0,16.0
974,Susten,,,,,,,,,1.0,,,,,,
975,Sâles,,,,,,,,,2.0,,,,,,
976,Tafers,7.0,14.0,24.0,33.0,49.0,81.0,132.0,218.0,1.0,2.0,1.0,3.0,1.0,5.0,2.0
977,Taverne,,,,,,,,,1.0,,,,,,
978,Tegna,,,,,,,,,1.0,,,,,,
979,Tenniken BL,,,,,,,,,5.0,,,,,,
980,Tennwil,,,,,,,,,1.0,,,,,,
981,Termen,0.0,0.0,1.0,2.0,9.0,,,,1.0,,,,,,
982,Tesserete,,,,,,,,,2.0,,,,,,
983,Teufen,,,,,,,,,3.0,,,,,,
984,Thal,8.0,14.0,23.0,33.0,64.0,108.0,183.0,310.0,1.0,2.0,1.0,3.0,1.0,5.0,2.0
985,Thalwil,41.0,55.0,82.0,124.0,202.0,302.0,451.0,673.0,2.0,3.0,1.0,4.0,1.0,6.0,2.0
986,Thayngen,9.0,12.0,17.0,25.0,42.0,62.0,91.0,135.0,1.0,1.0,0.0,1.0,0.0,1.0,0.0
987,Therwil,21.0,23.0,29.0,38.0,70.0,96.0,133.0,183.0,3.0,4.0,1.0,6.0,2.0,8.0,2.0
988,Thun,58.0,77.0,106.0,154.0,268.0,395.0,583.0,859.0,27.0,40.0,13.0,59.0,19.0,87.0,28.0
989,Thusis,4.0,7.0,8.0,14.0,19.0,28.0,43.0,64.0,4.0,6.0,2.0,9.0,3.0,13.0,4.0
990,Thyon,,,,,,,,,1.0,,,,,,
991,Thyon - Les Collons,,,,,,,,,1.0,,,,,,
992,Thônex,14.0,14.0,27.0,41.0,64.0,96.0,144.0,217.0,5.0,8.0,3.0,12.0,4.0,18.0,6.0
993,Tiefencastel,,,,,,,,,1.0,,,,,,
994,Torricella-Taverne,2.0,3.0,4.0,7.0,19.0,35.0,63.0,115.0,2.0,4.0,2.0,7.0,3.0,13.0,6.0
995,Tramelan,2.0,5.0,9.0,10.0,27.0,55.0,111.0,225.0,3.0,6.0,3.0,12.0,6.0,24.0,12.0
996,Triengen,13.0,15.0,22.0,28.0,43.0,58.0,79.0,108.0,1.0,1.0,0.0,1.0,0.0,1.0,0.0
997,Triesen,,,,,,,,,2.0,,,,,,
998,Trogen,4.0,3.0,4.0,7.0,15.0,22.0,33.0,50.0,1.0,1.0,0.0,2.0,1.0,3.0,1.0
999,Trubschachen,2.0,3.0,4.0,6.0,9.0,13.0,19.0,28.0,2.0,3.0,1.0,4.0,1.0,6.0,2.0
1000,Trun,1.0,0.0,0.0,4.0,7.0,,,,1.0,,,,,,
1001,Trübbach,,,,,,,,,1.0,,,,,,
1002,Tschierv,,,,,,,,,1.0,,,,,,
1003,Tumeltsham,,,,,,,,,5.0,,,,,,
1004,Turbenthal,9.0,8.0,14.0,19.0,32.0,45.0,65.0,92.0,2.0,3.0,1.0,4.0,1.0,6.0,2.0
1005,Turgi,5.0,5.0,9.0,14.0,21.0,31.0,45.0,66.0,2.0,3.0,1.0,4.0,1.0,6.0,2.0
1006,Tägerwilen,14.0,14.0,26.0,45.0,77.0,121.0,191.0,301.0,6.0,9.0,3.0,14.0,5.0,22.0,8.0
1007,Täsch,1.0,1.0,1.0,1.0,2.0,2.0,3.0,4.0,1.0,1.0,0.0,2.0,1.0,3.0,1.0
1008,Unterentfelden,4.0,6.0,7.0,17.0,39.0,72.0,133.0,246.0,4.0,7.0,3.0,13.0,6.0,24.0,11.0
1009,Unteriberg,1.0,1.0,3.0,4.0,13.0,28.0,60.0,128.0,1.0,2.0,1.0,4.0,2.0,9.0,5.0
1010,Unterkulm,1.0,2.0,8.0,13.0,17.0,38.0,85.0,189.0,1.0,2.0,1.0,4.0,2.0,9.0,5.0
1011,Untersiggenthal,15.0,16.0,25.0,48.0,70.0,105.0,158.0,237.0,1.0,2.0,1.0,3.0,1.0,4.0,1.0
1012,Untervaz,5.0,5.0,6.0,7.0,13.0,17.0,22.0,29.0,1.0,1.0,0.0,1.0,0.0,1.0,0.0
1013,Unterägeri,15.0,27.0,34.0,57.0,80.0,123.0,188.0,289.0,1.0,2.0,1.0,3.0,1.0,5.0,2.0
1014,Urnäsch,1.0,1.0,1.0,2.0,4.0,6.0,9.0,14.0,2.0,3.0,1.0,4.0,1.0,6.0,2.0
1015,Ursenbach,1.0,2.0,4.0,4.0,5.0,8.0,12.0,19.0,4.0,6.0,2.0,9.0,3.0,14.0,5.0
1016,Ursy,1.0,4.0,5.0,11.0,30.0,76.0,194.0,494.0,1.0,3.0,2.0,8.0,5.0,20.0,12.0
1017,Urtenen-Schönbühl,11.0,12.0,18.0,25.0,38.0,52.0,72.0,99.0,3.0,4.0,1.0,6.0,2.0,8.0,2.0
1018,Uster,62.0,86.0,143.0,196.0,293.0,433.0,641.0,948.0,8.0,12.0,4.0,18.0,6.0,27.0,9.0
1019,Utzenstorf,6.0,10.0,10.0,16.0,28.0,42.0,63.0,95.0,2.0,3.0,1.0,4.0,1.0,6.0,2.0
1020,Utzigen,,,,,,,,,1.0,,,,,,
1021,Uznach,4.0,6.0,10.0,19.0,43.0,79.0,144.0,265.0,2.0,4.0,2.0,7.0,3.0,13.0,6.0
1022,Vacallo,3.0,3.0,4.0,8.0,18.0,30.0,49.0,80.0,1.0,2.0,1.0,3.0,1.0,5.0,2.0
1023,Val-d'Illiez,1.0,2.0,5.0,5.0,9.0,16.0,30.0,55.0,2.0,4.0,2.0,8.0,4.0,15.0,7.0
1024,Val-de-Travers,3.0,14.0,24.0,41.0,64.0,154.0,373.0,899.0,3.0,7.0,4.0,17.0,10.0,41.0,24.0
1025,Vallorbe,0.0,1.0,4.0,12.0,14.0,inf,inf,inf,4.0,inf,inf,,,,
1026,Vals,3.0,3.0,3.0,5.0,5.0,6.0,7.0,8.0,1.0,1.0,0.0,1.0,0.0,1.0,0.0
1027,Vandoeuvres,13.0,15.0,27.0,40.0,51.0,73.0,104.0,148.0,1.0,1.0,0.0,1.0,0.0,1.0,0.0
1028,Varen,2.0,3.0,6.0,6.0,6.0,8.0,11.0,16.0,1.0,1.0,0.0,1.0,0.0,1.0,0.0
1029,Vendlincourt,0.0,0.0,0.0,0.0,3.0,,,,1.0,,,,,,
1030,Venthône,,,,,,,,,1.0,,,,,,
1031,Verbier,,,,,,,,,3.0,,,,,,
1032,Vercorin,,,,,,,,,2.0,,,,,,
1033,Vernamiège,,,,,,,,,1.0,,,,,,
1034,Vernate,4.0,5.0,6.0,13.0,18.0,27.0,41.0,61.0,1.0,2.0,1.0,3.0,1.0,4.0,1.0
1035,Vernayaz,4.0,4.0,6.0,7.0,11.0,14.0,19.0,25.0,1.0,1.0,0.0,1.0,0.0,1.0,0.0
1036,Vernier,34.0,45.0,60.0,90.0,134.0,189.0,267.0,377.0,7.0,10.0,3.0,14.0,4.0,20.0,6.0
1037,Versoix,13.0,17.0,22.0,32.0,55.0,79.0,115.0,166.0,9.0,13.0,4.0,19.0,6.0,27.0,8.0
1038,Vevey,12.0,15.0,23.0,44.0,99.0,172.0,299.0,518.0,7.0,12.0,5.0,21.0,9.0,36.0,15.0
1039,Vex,2.0,3.0,7.0,9.0,19.0,34.0,62.0,112.0,1.0,2.0,1.0,4.0,2.0,7.0,3.0
1040,Veyras,,,,,,,,,1.0,,,,,,
1041,Veysonnaz,1.0,1.0,1.0,2.0,5.0,8.0,13.0,21.0,2.0,3.0,1.0,5.0,2.0,8.0,3.0
1042,Vezia,6.0,5.0,6.0,7.0,11.0,13.0,16.0,19.0,1.0,1.0,0.0,1.0,0.0,1.0,0.0
1043,Vich,2.0,2.0,4.0,6.0,11.0,17.0,28.0,44.0,1.0,2.0,1.0,3.0,1.0,5.0,2.0
1044,Villa Luganese,,,,,,,,,1.0,,,,,,
1045,Villars-sous-Yens,2.0,3.0,5.0,6.0,4.0,5.0,6.0,8.0,1.0,1.0,0.0,1.0,0.0,1.0,0.0
1046,Villars-sur-Glâne,19.0,24.0,33.0,54.0,84.0,122.0,178.0,260.0,7.0,10.0,3.0,15.0,5.0,22.0,7.0
1047,Villars-sur-Ollon,,,,,,,,,1.0,,,,,,
1048,Villaz-Saint-Pierre,,,,,,,,,1.0,,,,,,
1049,Villeneuve,,,,,,,,,2.0,,,,,,
1050,Villmergen,14.0,18.0,27.0,22.0,39.0,52.0,70.0,95.0,4.0,5.0,1.0,7.0,2.0,10.0,3.0
1051,Villnachern,3.0,4.0,7.0,9.0,15.0,23.0,34.0,52.0,1.0,2.0,1.0,3.0,1.0,5.0,2.0
1052,Vilters-Wangs,14.0,21.0,29.0,30.0,43.0,57.0,77.0,103.0,1.0,1.0,0.0,1.0,0.0,1.0,0.0
1053,Vionnaz,1.0,4.0,11.0,13.0,23.0,56.0,135.0,328.0,2.0,5.0,3.0,12.0,7.0,29.0,17.0
1054,Visp,21.0,25.0,32.0,44.0,82.0,117.0,167.0,238.0,1.0,1.0,0.0,1.0,0.0,1.0,0.0
1055,Visperterminen,0.0,1.0,4.0,4.0,8.0,inf,inf,inf,2.0,inf,inf,,,,
1056,Visselhövede Hiddingen,,,,,,,,,2.0,,,,,,
1057,Vitznau,8.0,8.0,13.0,17.0,20.0,26.0,33.0,42.0,2.0,3.0,1.0,4.0,1.0,5.0,1.0
1058,Volketswil,46.0,55.0,83.0,114.0,180.0,255.0,360.0,509.0,4.0,6.0,2.0,8.0,2.0,11.0,3.0
1059,Vollèges,,,,,,,,,2.0,,,,,,
1060,Vordemwald,6.0,5.0,9.0,14.0,21.0,30.0,42.0,60.0,1.0,1.0,0.0,1.0,0.0,1.0,0.0
1061,Vulpera,,,,,,,,,1.0,,,,,,
1062,Vésenaz,,,,,,,,,1.0,,,,,,
1063,Vétroz,8.0,12.0,16.0,27.0,61.0,103.0,175.0,297.0,5.0,8.0,3.0,14.0,6.0,24.0,10.0
1064,Walchwil,14.0,18.0,28.0,38.0,52.0,72.0,101.0,140.0,1.0,1.0,0.0,1.0,0.0,1.0,0.0
1065,Wald,,,,,,,,,3.0,,,,,,
1066,Waldkirch,8.0,12.0,16.0,19.0,29.0,40.0,56.0,77.0,1.0,1.0,0.0,1.0,0.0,1.0,0.0
1067,Waldstatt,5.0,6.0,7.0,8.0,13.0,17.0,21.0,27.0,1.0,1.0,0.0,1.0,0.0,1.0,0.0
1068,Walenstadt,4.0,6.0,11.0,14.0,33.0,57.0,100.0,174.0,3.0,5.0,2.0,9.0,4.0,16.0,7.0
1069,Wallisellen,37.0,53.0,91.0,134.0,198.0,302.0,460.0,702.0,2.0,3.0,1.0,5.0,2.0,8.0,3.0
1070,Walperswil,3.0,3.0,6.0,10.0,12.0,18.0,26.0,38.0,1.0,2.0,1.0,3.0,1.0,4.0,1.0
1071,Wangen-Brüttisellen,12.0,19.0,29.0,41.0,65.0,99.0,152.0,232.0,1.0,2.0,1.0,3.0,1.0,5.0,2.0
1072,Wangs,,,,,,,,,4.0,,,,,,
1073,Wattwil,10.0,14.0,24.0,30.0,54.0,83.0,128.0,198.0,3.0,5.0,2.0,8.0,3.0,12.0,4.0
1074,Weesen,5.0,5.0,8.0,13.0,23.0,34.0,52.0,77.0,2.0,3.0,1.0,5.0,2.0,7.0,2.0
1075,Weggis,10.0,14.0,20.0,32.0,45.0,66.0,96.0,140.0,1.0,1.0,0.0,1.0,0.0,1.0,0.0
1076,Weinfelden,33.0,35.0,63.0,96.0,146.0,216.0,318.0,470.0,3.0,4.0,1.0,6.0,2.0,9.0,3.0
1077,Weiningen ZH,,,,,,,,,1.0,,,,,,
1078,Weissbad,,,,,,,,,2.0,,,,,,
1079,Wettingen,21.0,29.0,59.0,96.0,154.0,256.0,425.0,707.0,2.0,3.0,1.0,5.0,2.0,8.0,3.0
1080,Wetzikon,,,,,,,,,4.0,,,,,,
1081,Widen,6.0,7.0,13.0,23.0,36.0,57.0,91.0,145.0,2.0,3.0,1.0,5.0,2.0,8.0,3.0
1082,Wil,,,,,,,,,16.0,,,,,,
1083,Wilderswil,2.0,2.0,3.0,2.0,9.0,17.0,33.0,63.0,1.0,2.0,1.0,4.0,2.0,8.0,4.0
1084,Wildhaus,,,,,,,,,2.0,,,,,,
1085,Willisau,8.0,10.0,17.0,22.0,44.0,69.0,107.0,167.0,4.0,6.0,2.0,9.0,3.0,14.0,5.0
1086,Windisch,12.0,20.0,30.0,39.0,58.0,86.0,129.0,191.0,2.0,3.0,1.0,4.0,1.0,6.0,2.0
1087,Winterthur,173.0,232.0,389.0,586.0,830.0,1233.0,1831.0,2719.0,13.0,19.0,6.0,28.0,9.0,42.0,14.0
1088,Winterthur ,,,,,,,,,1.0,,,,,,
1089,Winznau,1.0,1.0,2.0,5.0,8.0,14.0,25.0,45.0,1.0,2.0,1.0,4.0,2.0,7.0,3.0
1090,Wittenbach,8.0,12.0,18.0,35.0,75.0,133.0,235.0,417.0,3.0,5.0,2.0,9.0,4.0,16.0,7.0
1091,Wohlen,,,,,,,,,4.0,,,,,,
1092,Wolfenschiessen,4.0,4.0,6.0,9.0,11.0,14.0,19.0,24.0,1.0,1.0,0.0,1.0,0.0,1.0,0.0
1093,Wolhusen,2.0,5.0,14.0,18.0,27.0,55.0,110.0,223.0,1.0,2.0,1.0,4.0,2.0,8.0,4.0
1094,Worb,10.0,15.0,28.0,43.0,72.0,118.0,195.0,320.0,2.0,3.0,1.0,5.0,2.0,8.0,3.0
1095,Wyssachen,2.0,3.0,8.0,9.0,13.0,22.0,37.0,62.0,1.0,2.0,1.0,3.0,1.0,5.0,2.0
1096,Wädenswil,44.0,56.0,91.0,143.0,243.0,375.0,578.0,891.0,2.0,3.0,1.0,5.0,2.0,8.0,3.0
1097,Wäldi,2.0,2.0,6.0,12.0,14.0,25.0,45.0,81.0,1.0,2.0,1.0,4.0,2.0,7.0,3.0
1098,Wünnewil-Flamatt,5.0,11.0,13.0,15.0,27.0,43.0,68.0,107.0,1.0,2.0,1.0,3.0,1.0,5.0,2.0
1099,Würenlingen,9.0,6.0,8.0,12.0,31.0,47.0,72.0,109.0,1.0,2.0,1.0,3.0,1.0,5.0,2.0
1100,Yverdon-les-Bains,26.0,30.0,52.0,76.0,144.0,225.0,351.0,548.0,14.0,22.0,8.0,34.0,12.0,53.0,19.0
1101,Yvonand,5.0,7.0,7.0,15.0,29.0,47.0,76.0,123.0,1.0,2.0,1.0,3.0,1.0,5.0,2.0
1102,Zeneggen,0.0,1.0,1.0,3.0,5.0,inf,inf,inf,2.0,inf,inf,,,,
1103,Zernez,1.0,1.0,2.0,5.0,5.0,8.0,13.0,21.0,4.0,6.0,2.0,10.0,4.0,16.0,6.0
1104,Ziegelbrücke,,,,,,,,,3.0,,,,,,
1105,Zillis,,,,,,,,,1.0,,,,,,
1106,Zinal,,,,,,,,,2.0,,,,,,
1107,Zizers,6.0,9.0,12.0,20.0,30.0,45.0,68.0,101.0,2.0,3.0,1.0,5.0,2.0,7.0,2.0
1108,Zofingen,16.0,18.0,34.0,60.0,91.0,143.0,225.0,355.0,1.0,2.0,1.0,3.0,1.0,5.0,2.0
1109,Zollikon,41.0,54.0,75.0,113.0,169.0,241.0,344.0,491.0,3.0,4.0,1.0,6.0,2.0,9.0,3.0
1110,Zuchwil,7.0,7.0,16.0,19.0,53.0,96.0,175.0,317.0,4.0,7.0,3.0,13.0,6.0,24.0,11.0
1111,Zug,125.0,172.0,232.0,333.0,471.0,656.0,915.0,1275.0,21.0,29.0,8.0,40.0,11.0,56.0,16.0
1112,Zumikon,21.0,23.0,40.0,62.0,94.0,139.0,205.0,302.0,1.0,1.0,0.0,1.0,0.0,1.0,0.0
1113,Zuoz,1.0,1.0,3.0,5.0,9.0,17.0,31.0,59.0,2.0,4.0,2.0,7.0,3.0,13.0,6.0
1114,Zuzwil,,,,,,,,,3.0,,,,,,
1115,Zweidlen,,,,,,,,,1.0,,,,,,
1116,Zweisimmen,3.0,5.0,7.0,11.0,15.0,23.0,34.0,51.0,6.0,9.0,3.0,13.0,4.0,20.0,7.0
1117,Zürich,815.0,940.0,1392.0,2036.0,3017.0,4208.0,5868.0,8185.0,39.0,54.0,15.0,75.0,21.0,105.0,30.0
